application_family,evidence_setting,study_count,audit_study_ids,corpus_ids
Traffic smoothing / mobile actuator,Simulation,9,S008; S013; S016; S028; S036; S046; S054; S055; S056,M013; M020; M023; M037; M053; M064; M078; M079; M080
Traffic smoothing / mobile actuator,Analytical/theoretical,8,S008; S013; S016; S028; S046; S054; S055; S056,M013; M020; M023; M037; M064; M078; M079; M080
Traffic smoothing / mobile actuator,Network/demand model,0,,
Traffic smoothing / mobile actuator,Field experiment,1,S016,M023
Traffic smoothing / mobile actuator,Test-track experiment,0,,
Traffic smoothing / mobile actuator,Observational/open-road data,0,,
Speed harmonization / dynamic headway / bottleneck-inflow regulation,Simulation,25,S003; S007; S010; S011; S012; S014; S017; S018; S019; S020; S021; S024; S027; S029; S030; S032; S035; S036; S037; S043; S052; S053; S054; S066; S071,M004; M012; M017; M018; M019; M021; M024; M025; M026; M027; M028; M031; M036; M038; M042; M045; M051; M053; M054; M061; M074; M075; M078; M035; M096
Speed harmonization / dynamic headway / bottleneck-inflow regulation,Analytical/theoretical,13,S003; S007; S011; S012; S018; S020; S021; S032; S035; S037; S043; S052; S054,M004; M012; M018; M019; M025; M027; M028; M045; M051; M054; M061; M074; M078
Speed harmonization / dynamic headway / bottleneck-inflow regulation,Network/demand model,0,,
Speed harmonization / dynamic headway / bottleneck-inflow regulation,Field experiment,0,,
Speed harmonization / dynamic headway / bottleneck-inflow regulation,Test-track experiment,0,,
Speed harmonization / dynamic headway / bottleneck-inflow regulation,Observational/open-road data,0,,
Lane assignment / lane-use control,Simulation,7,S032; S041; S048; S061; S063; S068; S070,M045; M058; M068; M086; M089; M093; M095
Lane assignment / lane-use control,Analytical/theoretical,4,S032; S048; S061; S070,M045; M068; M086; M095
Lane assignment / lane-use control,Network/demand model,0,,
Lane assignment / lane-use control,Field experiment,0,,
Lane assignment / lane-use control,Test-track experiment,0,,
Lane assignment / lane-use control,Observational/open-road data,0,,
Cooperative merging / coordinated gap creation / ramp coordination,Simulation,14,S001; S004; S006; S007; S015; S017; S022; S023; S026; S027; S031; S033; S042; S064,M002; M005; M011; M012; M022; M024; M029; M030; M034; M036; M044; M048; M060; M091
Cooperative merging / coordinated gap creation / ramp coordination,Analytical/theoretical,8,S005; S006; S007; S015; S022; S026; S042; S064,M010; M011; M012; M022; M029; M034; M060; M091
Cooperative merging / coordinated gap creation / ramp coordination,Network/demand model,0,,
Cooperative merging / coordinated gap creation / ramp coordination,Field experiment,0,,
Cooperative merging / coordinated gap creation / ramp coordination,Test-track experiment,0,,
Cooperative merging / coordinated gap creation / ramp coordination,Observational/open-road data,0,,
Integrated longitudinal–lateral bottleneck control,Simulation,11,S002; S018; S023; S032; S035; S037; S039; S044; S049; S059; S061,M003; M025; M030; M045; M051; M054; M056; M062; M069; M084; M086
Integrated longitudinal–lateral bottleneck control,Analytical/theoretical,8,S002; S018; S032; S035; S037; S044; S049; S061,M003; M025; M045; M051; M054; M062; M069; M086
Integrated longitudinal–lateral bottleneck control,Network/demand model,0,,
Integrated longitudinal–lateral bottleneck control,Field experiment,0,,
Integrated longitudinal–lateral bottleneck control,Test-track experiment,0,,
Integrated longitudinal–lateral bottleneck control,Observational/open-road data,0,,
Platooning,Simulation,7,S014; S017; S040; S047; S050; S051; S057,M021; M024; M057; M065; M070; M073; M082
Platooning,Analytical/theoretical,5,S025; S034; S040; S050; S057,M032; M050; M057; M070; M082
Platooning,Network/demand model,0,,
Platooning,Field experiment,1,S047,M065
Platooning,Test-track experiment,1,S034,M050
Platooning,Observational/open-road data,0,,
Routing / dynamic traffic assignment / managed-lane operation,Simulation,4,S051; S058; S067; S069,M073; M083; M092; M094
Routing / dynamic traffic assignment / managed-lane operation,Analytical/theoretical,2,S065; S069,M009; M094
Routing / dynamic traffic assignment / managed-lane operation,Network/demand model,4,S062; S065; S067; S069,M088; M009; M092; M094
Routing / dynamic traffic assignment / managed-lane operation,Field experiment,0,,
Routing / dynamic traffic assignment / managed-lane operation,Test-track experiment,0,,
Routing / dynamic traffic assignment / managed-lane operation,Observational/open-road data,0,,
Perimeter / corridor / fleet rebalancing,Simulation,2,S045; S060,M063; M085
Perimeter / corridor / fleet rebalancing,Analytical/theoretical,2,S045; S060,M063; M085
Perimeter / corridor / fleet rebalancing,Network/demand model,1,S045,M063
Perimeter / corridor / fleet rebalancing,Field experiment,0,,
Perimeter / corridor / fleet rebalancing,Test-track experiment,0,,
Perimeter / corridor / fleet rebalancing,Observational/open-road data,0,,
