corpus_id,audit_study_id,citation,table_s2_role_before,lead_audit_reassessment,Ashkan_role,adjudicated_role,adjudication_rationale,table_s2_changed,audit_changed
M016,S009,Daganzo 2002,[D],[M],not in the 19-study sample,[M],"Proposes dynamic lane assignment, gridlock metering and diversion, and argues their effects from theory and earlier observations. No strategy is evaluated and no AV/CAV control is involved.",YES,NO
M034,S026,M. Karimi 2020,[D],[M],not in the 19-study sample,[M],"MPC merging is shown for isolated three-vehicle manoeuvres with no uncontrolled comparator and no delay, throughput or congestion metric. This supports a control principle, not a congestion outcome.",YES,NO
M038,S029,K. Kušić 2020,[D],[M],not in the 19-study sample,[M],"The controller is infrastructure variable speed limits with no AV/CAV actuation or share, so it supports the inflow-regulation principle rather than an AV/CAV claim.",YES,NO
M042,S030,Zhibin Li 2017,[D],[M],not in the 19-study sample,[M],Q-learning variable speed limits at a merge bottleneck are infrastructure control with no AV/CAV actuation or share.,YES,NO
M048,S033,S. Nakka 2022,[D],[M],not in the 19-study sample,[M],"Collision-free coordinated merging of a few CAVs in five short runs, with no baseline and no traffic-flow metric; it shows trajectory feasibility only.",YES,NO
M050,S034,Sinan Öncü 2014,[D],[M],[M],[M],Both coders coded [M] (second author [M][F]). The paper derives the CACC string-stability region under communication delay and reports no congestion outcome.,YES,NO
M057,S040,Qin and Wang 2023,[D],[M],not in the 19-study sample,[M],"Derives analytical string-stability and capacity conditions for mixed CACC-ACC-human flow. No breakdown, queue or wave is simulated or measured.",YES,NO
M065,S047,S. Shladover 2012,[D],[M],not in the 19-study sample,[M],"Estimates lane capacity under ACC/CACC penetration; no bottleneck, breakdown, queue or wave is simulated. Capacity enters as a mechanism input, not a congestion outcome.",YES,NO
M070,S050,Talebpour 2016,[D],[M],not in the 19-study sample,[D],"Simulates a single-lane highway with an on-ramp and reports breakdown flow and maximum throughput rising with CV/AV penetration, alongside analytical string stability. This directly evaluates an AV/CAV congestion claim, as do Shang and Stern (2021) and van Arem et al. (2006), which both coders kept as [D]. The audit reassessment to [M] is reversed.",NO,YES
M089,S063,Zhou 2022,[D],[M],not in the 19-study sample,[M],"Reports only RL reward, comfort and illustrative lane-change snapshots, with no speed, delay, throughput or congestion metric and no non-RL baseline. Reward gains are not a traffic outcome.",YES,NO
M096,S071,Daiquan Xiao 2022,[D],[M],not in the 19-study sample,[M],"Q-learning mainline speed limits reduce off-ramp queue overflow, but the control is infrastructure speed limits simulated without a CAV share. It supports spillback control, not an AV/CAV claim.",YES,NO