study_id,citation,dimension,lead_author_code,Ashkan_code,adjudicated_code,adjudication_rationale,whether_lead_author_changed,whether_second_author_changed,whether_final_dataset_changed
M008,Cassidy and Bertini (1999),congestion_mechanism,Bottleneck activation / throughput loss; Capacity drop; Queue formation / discharge,Capacity drop; Queue formation / discharge,Bottleneck activation / throughput loss; Capacity drop; Queue formation / discharge,The paper is about active bottlenecks: it locates where queues form and compares pre-queue flow with queue discharge. Bottleneck activation is addressed alongside capacity drop and queue discharge.,NO,YES,NO
M009,Chakraborty et al. (2021),congestion_mechanism,Queue formation / discharge; Shifted / redistributed congestion; physical spillback represented only indirectly,Shifted / redistributed congestion; Network congestion distribution,Queue formation / discharge; Shifted / redistributed congestion; Network congestion distribution,"Exclusive-lane placement changes where delay accumulates across the network (total system travel time, connector waiting), and the largest reductions are in on-ramp entry queues. ""Physical spillback represented only indirectly"" is not a codebook label; the link transmission model carries spillback only as model mechanics.",YES,YES,YES
M010,Chen et al. (2021),congestion_mechanism,Bottleneck activation / throughput loss; Capacity drop; Stop-and-go waves; Lane-changing friction,Capacity drop; Stop-and-go waves; Lane-changing friction; Merging turbulence,Bottleneck activation / throughput loss; Capacity drop; Stop-and-go waves; Lane-changing friction; Merging turbulence,"The model explains discharge loss at the merge bottleneck through lane-change voids created by ramp merging, so both bottleneck activation (lead) and merging turbulence (second author) apply.",YES,YES,YES
M017,Du et al. (2023),congestion_mechanism,Bottleneck activation / throughput loss; Lane-changing friction; Physical spillback,Congestion onset / breakdown; Bottleneck activation / throughput loss; Stop-and-go waves,Congestion onset / breakdown; Bottleneck activation / throughput loss; Queue formation / discharge; Lane-changing friction; Physical spillback,"Control lowers bottleneck density and stops backward propagation (onset), cuts queue length and stop time (queue), and moves lane changes upstream (friction). The authors claim reduced spillback, so it stays coded as addressed; its Figure 2 link is indirect. No wave or oscillation metric is analysed, so stop-and-go waves are not added.",YES,YES,YES
M022,Gu et al. (2022),congestion_mechanism,Capacity drop; Stop-and-go waves; Network congestion distribution; NFD bifurcation; Turning/merging-induced network instability,Merging turbulence; Shifted / redistributed congestion; Network congestion distribution,Congestion onset / breakdown; Capacity drop; Stop-and-go waves; String instability; Shockwave propagation; Merging turbulence; Network congestion distribution,"Network breakdown is measured as NFD bifurcation (onset), driven by turning and merging interactions (merging turbulence) and by larger backward shockwaves in unstable AV platoons (shockwaves, string instability, stop-and-go waves). The lead's legacy labels map onto onset and merging turbulence. No redistribution of congestion is analysed.",YES,YES,YES
M024,Guo et al. (2022),congestion_mechanism,Bottleneck activation / throughput loss; Merging turbulence; Network congestion distribution,Bottleneck activation / throughput loss; Stop-and-go waves; Merging turbulence,Congestion onset / breakdown; Bottleneck activation / throughput loss; Queue formation / discharge; Stop-and-go waves; Merging turbulence,"The study targets a managed-lane merge bottleneck: throughput and delay at the merge, breakdown prevention, merge conflicts, and queue prediction and dissipation in the harmonisation algorithm, whose stated aim is to reduce stop-and-go traffic. A single merge corridor does not support network congestion distribution.",YES,YES,YES
M050,Öncü et al. (2014),congestion_mechanism,Stop-and-go waves; String instability,String instability,String instability,The paper analyses CACC string stability under communication delay. No traffic-level stop-and-go wave is modelled.,YES,NO,YES
M055,Perrine et al. (2020),congestion_mechanism,Induced demand / VMT,Network congestion distribution; Induced demand / VMT,Induced demand / VMT,"The model forecasts long-distance trip, mode and destination shifts with AVs. It does not assign traffic to a network or report link congestion.",NO,YES,NO
M056,Phan et al. (2020),congestion_mechanism,Bottleneck activation / throughput loss; Capacity drop; Queue formation / discharge; Lane-changing friction,Bottleneck activation / throughput loss; Lane-changing friction,Bottleneck activation / throughput loss; Queue formation / discharge; Lane-changing friction,"The method targets lane-drop throughput through coordinated lane changes and reports stopped vehicles in the dropped lane (a local queue). There is no pre-breakdown versus discharge comparison, so capacity drop is removed.",YES,YES,YES
M058,Ramezani and Ye (2019),congestion_mechanism,Congestion onset / breakdown; Bottleneck activation / throughput loss; Capacity drop; Lane-changing friction; Merging turbulence,Congestion onset / breakdown; Capacity drop; Lane-changing friction; Merging turbulence,Congestion onset / breakdown; Bottleneck activation / throughput loss; Capacity drop; Queue formation / discharge; Lane-changing friction; Merging turbulence,"On-ramp queue length is a reported outcome (maximum 12 versus 48 vehicles under ALINEA), so queue formation/discharge is added although neither coder recorded it. Total-travel-time gains at the merge support bottleneck activation.",YES,YES,YES
M063,Rossi et al. (2018),congestion_mechanism,Network congestion distribution,Congestion onset / breakdown; Shifted / redistributed congestion; Network congestion distribution,Congestion onset / breakdown; Shifted / redistributed congestion; Network congestion distribution,"Congestion-aware routing keeps link flows below capacity, network-wide flows are analysed, and the central result is that rebalancing need not add or shift congestion.",YES,NO,YES
M073,van Arem et al. (2006),congestion_mechanism,Bottleneck activation / throughput loss; Stop-and-go waves; Lane-changing friction,Bottleneck activation / throughput loss; String instability; Shockwave propagation,Bottleneck activation / throughput loss; Stop-and-go waves; String instability; Shockwave propagation; Lane-changing friction; Merging turbulence,"Reported outcomes include shockwave counts, throughput at a lane drop, merge failures, and lane changes forced by the dedicated CACC lane. CACC string stability underlies the analysis.",YES,YES,YES
M082,Xiao et al. (2018),congestion_mechanism,Bottleneck activation / throughput loss; Capacity drop; Merging turbulence; flow heterogeneity,Capacity drop; Queue formation / discharge; Merging turbulence,Congestion onset / breakdown; Bottleneck activation / throughput loss; Capacity drop; Queue formation / discharge; Lane-changing friction; Merging turbulence,"The study measures pre-breakdown capacity and queue discharge at a merge and traces the capacity drop to CACC deactivations around lane changes at the merge. ""Flow heterogeneity"" is not a codebook mechanism.",YES,YES,YES
M083,Xiao et al. (2020),congestion_mechanism,Bottleneck activation / throughput loss; Lane-changing friction; dedicated-lane underutilization,Queue formation / discharge; Shifted / redistributed congestion; Network congestion distribution,Congestion onset / breakdown; Bottleneck activation / throughput loss; Lane-changing friction; Shifted / redistributed congestion,"The CACC lane brings onset forward at low penetration and delays it at high penetration, friction from vehicles entering and leaving the lane is measured, and low-penetration underuse shifts demand onto general-purpose lanes. ""Dedicated-lane underutilization"" is covered by the redistribution label. No queue metric or network analysis is reported.",YES,YES,YES
M084,Yan et al. (2025),congestion_mechanism,Bottleneck activation / throughput loss; Capacity drop; Queue formation / discharge; Lane-changing friction,Capacity drop; Lane-changing friction; Merging turbulence,Bottleneck activation / throughput loss; Capacity drop; Queue formation / discharge; Lane-changing friction; Merging turbulence,"Weaving control addresses throughput and capacity drop by coordinating mandatory lane changes between merging and diverging streams; cumulative departure curves show discharge. ""Queueing/delay"" is covered by queue formation/discharge.",YES,YES,YES
M088,Zhao and Kockelman (2018),congestion_mechanism,Induced demand / VMT,Network congestion distribution; Induced demand / VMT,Network congestion distribution; Induced demand / VMT,"The regional model assigns trips to the Austin network and reports network speed alongside VKT (speeds 9-12% lower when CAVs avoid tolled lanes), so network congestion distribution is addressed.",YES,NO,YES
M091,Zhu et al. (2024),congestion_mechanism,Congestion onset / breakdown; Bottleneck activation / throughput loss; Capacity drop; Lane-changing friction,Congestion onset / breakdown; Bottleneck activation / throughput loss; Merging turbulence,Congestion onset / breakdown; Bottleneck activation / throughput loss; Capacity drop; Merging turbulence,"The mainline is single-lane and all-CAV, so disturbances come from ramp merging, not lane changing. The authors attribute throughput gains to avoided breakdown and capacity drop.",YES,YES,YES
M009,Chakraborty et al. (2021),av_cav_decision_lever,Lane choice; Route choice; Entry/access/release decision,Not applicable,Lane choice; Route choice,"AV lane use, restricted by the designed exclusive lanes, and route choice in the assignment model are the vehicle decisions the design acts on. No ramp access or release decision is modelled.",YES,YES,YES
M022,Gu et al. (2022),av_cav_decision_lever,Lane choice; Merge/yield/gap-acceptance decision; Route choice,Merge/yield/gap-acceptance decision,Acceleration/deceleration; Merge/yield/gap-acceptance decision,Cooperative merging acts through merge/yield decisions and CAV acceleration. Turning rates are fixed scenario inputs and lanes are not assigned.,YES,YES,YES
M024,Guo et al. (2022),av_cav_decision_lever,Desired speed; Lane choice; Merge/yield/gap-acceptance decision; Entry/access/release decision,Acceleration/deceleration; Desired speed; Desired time headway/spacing gap; Merge/yield/gap-acceptance decision,Acceleration/deceleration; Desired speed; Desired time headway/spacing gap; Merge/yield/gap-acceptance decision; Entry/access/release decision,"CACC sets acceleration and gaps, harmonisation issues desired speeds, cooperative merging manages merge/yield, and single- versus multi-vehicle release at the merge is an entry/release decision. Vehicles do not choose lanes.",YES,YES,YES
M050,Öncü et al. (2014),av_cav_decision_lever,Desired time headway/spacing gap,Acceleration/deceleration; Desired time headway/spacing gap,Acceleration/deceleration; Desired time headway/spacing gap,The CACC controller feeds forward the predecessor's acceleration under a time-headway spacing policy.,YES,NO,YES
M056,Phan et al. (2020),av_cav_decision_lever,Acceleration/deceleration; Lane-change timing/execution,Acceleration/deceleration; Desired speed; Desired time headway/spacing gap; Lane choice; Lane-change timing/execution,Acceleration/deceleration; Desired speed; Desired time headway/spacing gap; Lane choice; Lane-change timing/execution,"The method assigns dropped-lane AVs to target lanes, sets their position, speed and gap in the acceleration segment, and times the lane changes.",YES,NO,YES
M058,Ramezani and Ye (2019),av_cav_decision_lever,Lane-change timing/execution; Merge/yield/gap-acceptance decision,Lane choice; Lane-change timing/execution; Merge/yield/gap-acceptance decision,Lane choice; Lane-change timing/execution,The proactive layer sets AV lane choice to reach target lane densities; the reactive layer controls when AVs change lanes to clear the merge lane. Ramp vehicles' merge/yield behaviour is not controlled.,YES,YES,YES
M073,van Arem et al. (2006),av_cav_decision_lever,Acceleration/deceleration,Acceleration/deceleration; Desired time headway/spacing gap,Acceleration/deceleration; Desired time headway/spacing gap,CACC controls acceleration and applies a shorter time gap.,YES,NO,YES
M082,Xiao et al. (2018),av_cav_decision_lever,Not clearly specified,Acceleration/deceleration; Desired time headway/spacing gap,Acceleration/deceleration; Desired time headway/spacing gap,"CACC controls acceleration and time gap, with deactivation transitions to ACC or manual control; the levers are specified.",YES,NO,YES
M083,Xiao et al. (2020),av_cav_decision_lever,Not clearly specified,Desired time headway/spacing gap; Lane choice; Entry/access/release decision,Acceleration/deceleration; Desired time headway/spacing gap; Lane choice,"CACC acceleration and time gap and lane choice into the CACC lane are modelled. Entering a continuous-access lane is lane choice, not a ramp entry or release decision.",YES,YES,YES
M084,Yan et al. (2025),av_cav_decision_lever,Acceleration/deceleration,Acceleration/deceleration; Lane-change timing/execution,Acceleration/deceleration; Lane-change timing/execution,The lower level adjusts speed; the upper level coordinates the timing of mandatory weaving lane changes.,YES,NO,YES
M091,Zhu et al. (2024),av_cav_decision_lever,Merge/yield/gap-acceptance decision,Acceleration/deceleration; Desired speed; Desired time headway/spacing gap; Merge/yield/gap-acceptance decision,Acceleration/deceleration; Desired speed; Desired time headway/spacing gap; Merge/yield/gap-acceptance decision; Entry/access/release decision,"Mainline gap creation sets speeds, accelerations and gaps; ramp platoons are released into the created gaps in a controlled merge sequence.",YES,YES,YES
M009,Chakraborty et al. (2021),design_method,Optimal control,Other / not clearly specified,Optimal control,Lane placement is solved as a bi-level optimisation. The codebook has no separate optimisation label; optimal control is the closest category and is applied the same way to the LP routing in Rossi et al. (2018).,NO,YES,NO
M010,Chen et al. (2021),design_method,Not applicable,Rule-based/control law,Rule-based/control law,"Gap closure, batch lane changing and mainline gap redistribution are explicit control rules.",YES,NO,YES
M017,Du et al. (2023),design_method,Rule-based/control law; Optimal control,Optimal control,Rule-based/control law; Optimal control,"Target speeds are optimised, and control is switched on per lane by density thresholds.",NO,YES,NO
M022,Gu et al. (2022),design_method,Other / not clearly specified,Rule-based/control law,Rule-based/control law,"Cooperative merging is a rule in the simulated car-following and merging models, not an optimisation or learning method.",YES,NO,YES
M023,Gunter et al. (2021),design_method,Rule-based/control law,Other / not clearly specified,Other / not clearly specified,The seven commercial ACC controllers are proprietary; the study fits a car-following model to them rather than designing a controller.,YES,NO,YES
M024,Guo et al. (2022),design_method,Other / not clearly specified,Rule-based/control law; Heuristic control,Rule-based/control law; Heuristic control,The authors describe a heuristic approach for generating speed commands and use CACC control laws.,YES,NO,YES
M056,Phan et al. (2020),design_method,Other / not clearly specified,Optimal control,Optimal control,"Positions and speeds are chosen to minimise bottleneck crossing time subject to safety and kinematic constraints, which is an optimal-control formulation.",YES,NO,YES
M017,Du et al. (2023),coordination_implementation_mode,Individual/onboard or not clearly specified,Infrastructure-assisted V2I/I2V; Centralized,Infrastructure-assisted V2I/I2V; Centralized,A central controller uses detector data to select actuator CAVs and send speed commands. The lead's legacy label was not a codebook value.,YES,NO,YES
M023,Gunter et al. (2021),coordination_implementation_mode,Cooperative V2V,Individual/onboard,Individual/onboard,Commercial ACC uses onboard sensing only; there is no V2V communication.,YES,NO,YES
M024,Guo et al. (2022),coordination_implementation_mode,Cooperative V2V,Cooperative V2V; Infrastructure-assisted V2I/I2V; Centralized; Hybrid vehicle–infrastructure,Cooperative V2V; Infrastructure-assisted V2I/I2V; Centralized; Hybrid vehicle–infrastructure,"CACC relies on V2V, speed commands come from a central controller through I2V, and the integrated architecture is hybrid.",YES,NO,YES
M056,Phan et al. (2020),coordination_implementation_mode,Cooperative V2V,Cooperative V2V; Centralized,Cooperative V2V; Centralized,"A coordinator computes the space distribution for all AVs, which is communicated by inter-vehicle communication.",YES,NO,YES
M058,Ramezani and Ye (2019),coordination_implementation_mode,Individual/onboard or not clearly specified,Centralized,Infrastructure-assisted V2I/I2V; Centralized; Distributed/decentralized,"A central optimiser sets lane densities from infrastructure data, and a local reactive controller acts near each ramp.",YES,YES,YES
M063,Rossi et al. (2018),coordination_implementation_mode,Individual/onboard or not clearly specified,Centralized,Centralized,Routing and rebalancing are computed centrally for the fleet.,YES,NO,YES
M064,Shang and Stern (2021),coordination_implementation_mode,Individual/onboard or not clearly specified,Individual/onboard,Individual/onboard,Commercial ACC is onboard only; this replaces the lead's non-codebook label.,YES,NO,YES
M084,Yan et al. (2025),coordination_implementation_mode,Individual/onboard or not clearly specified,Individual/onboard; Infrastructure-assisted V2I/I2V; Centralized; Hybrid vehicle–infrastructure,Individual/onboard; Infrastructure-assisted V2I/I2V; Centralized; Hybrid vehicle–infrastructure,"A roadside coordinator issues lane-change plans (centralised, V2I) and each CAV tracks them with onboard MPC; the bi-level architecture is hybrid.",YES,NO,YES
M091,Zhu et al. (2024),coordination_implementation_mode,Cooperative V2V,Centralized,Infrastructure-assisted V2I/I2V; Centralized,A roadside controller computes mainline gaps and ramp platoon releases; there is no peer-to-peer negotiation.,YES,YES,YES
M010,Chen et al. (2021),operational_application,Cooperative merging / coordinated gap creation / ramp coordination,Cooperative merging / coordinated gap creation / ramp coordination; Integrated longitudinal–lateral bottleneck control,Cooperative merging / coordinated gap creation / ramp coordination,"All three strategies coordinate gaps and lane changes for merging vehicles at an on-ramp, which is the function the cooperative-merging category names. Adding integrated longitudinal-lateral control would code the same actions twice.",NO,YES,NO
M022,Gu et al. (2022),operational_application,Cooperative merging / coordinated gap creation / ramp coordination; Routing / dynamic traffic assignment / managed-lane operation,Cooperative merging / coordinated gap creation / ramp coordination,Cooperative merging / coordinated gap creation / ramp coordination,No routing or assignment control is applied; turning ratios are fixed inputs.,YES,NO,YES
M050,Öncü et al. (2014),operational_application,Traffic smoothing / mobile-actuator control,Platooning,Platooning,CACC vehicle strings are platooning; there is no sparse-vehicle smoothing of mixed traffic.,YES,NO,YES
M055,Perrine et al. (2020),operational_application,Routing / dynamic traffic assignment / managed-lane operation,Not applicable,Not applicable,"No AV control is evaluated, and both coders coded the lever and design method as not applicable. The routing code recorded review coverage, not an applied operation.",YES,NO,YES
M056,Phan et al. (2020),operational_application,Integrated longitudinal–lateral bottleneck control; Platooning,Lane assignment / lane-use control; Integrated longitudinal–lateral bottleneck control; Platooning,Lane assignment / lane-use control; Integrated longitudinal–lateral bottleneck control; Platooning,"Besides integrated control and platoon travel, the method assigns dropped-lane AVs to target lanes and balances lane densities, which is lane assignment.",YES,NO,YES
M063,Rossi et al. (2018),operational_application,Routing / dynamic traffic assignment / managed-lane operation,Routing / dynamic traffic assignment / managed-lane operation; Perimeter/corridor control / fleet rebalancing,Routing / dynamic traffic assignment / managed-lane operation; Perimeter/corridor control / fleet rebalancing,The study routes AVs and rebalances empty vehicles. Fleet rebalancing is its own category and matches the study's Figure 2 family.,YES,NO,YES
M064,Shang and Stern (2021),operational_application,Traffic smoothing / mobile-actuator control; Speed harmonization / dynamic headway / bottleneck-inflow regulation,Traffic smoothing / mobile-actuator control,Traffic smoothing / mobile-actuator control,Commercial ACC is individual longitudinal control; no harmonisation or inflow regulation is applied.,YES,NO,YES
M073,van Arem et al. (2006),operational_application,Traffic smoothing / mobile-actuator control; Speed harmonization / dynamic headway / bottleneck-inflow regulation,Platooning; Routing / dynamic traffic assignment / managed-lane operation,Platooning; Routing / dynamic traffic assignment / managed-lane operation,The study evaluates CACC platoons and a dedicated CACC lane (managed-lane operation). No harmonisation or sparse smoothing is applied.,YES,NO,YES
M082,Xiao et al. (2018),operational_application,Speed harmonization / dynamic headway / bottleneck-inflow regulation,Platooning,Platooning,CACC string operation is platooning; no harmonisation is applied.,YES,NO,YES
M083,Xiao et al. (2020),operational_application,Speed harmonization / dynamic headway / bottleneck-inflow regulation,Platooning; Routing / dynamic traffic assignment / managed-lane operation,Platooning; Routing / dynamic traffic assignment / managed-lane operation,"Converting the HOV lane to a CACC lane is managed-lane operation, run with CACC platoons.",YES,NO,YES
M088,Zhao and Kockelman (2018),operational_application,Routing / dynamic traffic assignment / managed-lane operation; Perimeter/corridor control / fleet rebalancing,Not applicable,Not applicable,No AV control is applied; toll avoidance is a behavioural scenario in a demand model.,YES,NO,YES
M008,Cassidy and Bertini (1999),facility_context,Not clearly specified,Basic freeway or motorway segment,On-ramp merge,"Both study bottlenecks form at freeway merges downstream of on-ramps, so the geometry is identifiable and is not a basic segment.",YES,YES,YES
M009,Chakraborty et al. (2021),facility_context,Basic freeway or motorway segment,Not facility-specific,Not facility-specific,Exclusive lanes are placed across test networks and results are network totals; no single facility is evaluated.,YES,NO,YES
M017,Du et al. (2023),facility_context,Not clearly specified,Basic freeway or motorway segment,Diverge / off-ramp bottleneck,Congestion forms where exiting vehicles must change lanes at the exit of a five-lane motorway; the codebook keeps diverge bottlenecks when the study context supports them.,YES,YES,YES
M022,Gu et al. (2022),facility_context,Ring-road / single-lane testbed; On-ramp merge,Basic freeway or motorway segment,Ring-road / single-lane testbed; On-ramp merge,Instability is analysed on a closed ring-type network with merge points and on a merging segment; no basic segment is evaluated.,NO,YES,NO
M023,Gunter et al. (2021),facility_context,Ring-road / single-lane testbed,Basic freeway or motorway segment,Ring-road / single-lane testbed,String stability is analysed for a platoon on a closed ring and tested on a closed track; no freeway facility is modelled.,NO,YES,NO
M050,Öncü et al. (2014),facility_context,Ring-road / single-lane testbed,Not facility-specific,Ring-road / single-lane testbed,"Analysis and experiments concern a single-lane vehicle string, which the codebook places under single-lane testbed.",NO,YES,NO
M058,Ramezani and Ye (2019),facility_context,On-ramp merge; Diverge / off-ramp bottleneck,On-ramp merge,On-ramp merge,Both test networks contain on-ramps only; no off-ramp or diverge bottleneck is modelled.,YES,NO,YES
M064,Shang and Stern (2021),facility_context,On-ramp merge,Basic freeway or motorway segment,On-ramp merge,Capacity is estimated at a merge bottleneck in the simulations.,NO,YES,NO
M082,Xiao et al. (2018),facility_context,Basic freeway or motorway segment; On-ramp merge,On-ramp merge,Basic freeway or motorway segment; On-ramp merge,Pipeline capacity is measured on a homogeneous segment and merging capacity at the on-ramp.,NO,YES,NO
M083,Xiao et al. (2020),facility_context,On-ramp merge; Weaving section,Basic freeway or motorway segment,On-ramp merge; Weaving section,The simulated A20 corridor includes the on-ramps and weaving sections where congestion forms.,NO,YES,NO
M017,Du et al. (2023),spatial_system_scale,Bottleneck / local facility,Corridor,Bottleneck / local facility; Corridor,Effects are reported both for the bottleneck region and for every section of the 2.5 km stretch.,YES,YES,YES
M024,Guo et al. (2022),spatial_system_scale,Bottleneck / local facility,Corridor,Local road segment; Bottleneck / local facility,"Outcomes are reported for the merge area and the 2 km harmonisation segment upstream, not for a multi-interchange corridor.",YES,YES,YES
M058,Ramezani and Ye (2019),spatial_system_scale,Bottleneck / local facility; Network/system,Bottleneck / local facility; Corridor,Bottleneck / local facility; Corridor,"Results cover a single merge and a multi-ramp freeway stretch; the stretch is a corridor, not a network.",YES,NO,YES
M082,Xiao et al. (2018),spatial_system_scale,Local road segment; Bottleneck / local facility,Bottleneck / local facility,Local road segment; Bottleneck / local facility,Both the merge bottleneck and the homogeneous segment are evaluated.,NO,YES,NO
M008,Cassidy and Bertini (1999),evidence_setting,Analytical/theoretical; Observational/open-road data,Observational/open-road data,Observational/open-road data,Findings rest on freeway loop-detector data analysed with cumulative curves; no model or theoretical result is derived.,YES,NO,YES
M009,Chakraborty et al. (2021),evidence_setting,Network/demand model,Analytical/theoretical; Network/demand model,Analytical/theoretical; Network/demand model,The paper formulates the bi-level problem and its solution method and evaluates it in a dynamic traffic assignment model.,YES,NO,YES
M010,Chen et al. (2021),evidence_setting,Analytical/theoretical,Analytical/theoretical; Simulation,Analytical/theoretical,Results come from the analytical capacity model evaluated numerically; no traffic simulation is run.,NO,YES,NO
M017,Du et al. (2023),evidence_setting,Analytical/theoretical; Simulation,Simulation,Simulation,The evaluation is microsimulation; no analytical traffic result is derived.,YES,NO,YES
M023,Gunter et al. (2021),evidence_setting,Analytical/theoretical; Simulation; Field experiment,Field experiment,Analytical/theoretical; Simulation; Field experiment,"The paper derives string-stability conditions for the fitted models, runs platoon simulations and conducts track tests with production vehicles.",NO,YES,NO
M056,Phan et al. (2020),evidence_setting,Analytical/theoretical; Simulation,Simulation,Simulation,The traffic claims are evaluated in simulation; the constraint derivations define the controller rather than an analytical traffic result.,YES,NO,YES
M082,Xiao et al. (2018),evidence_setting,Analytical/theoretical; Simulation,Simulation,Analytical/theoretical; Simulation,A theoretical capacity upper bound is computed analytically and compared with simulated capacities.,NO,YES,NO
M009,Chakraborty et al. (2021),figure2_application_family,Lane assignment / lane-use control,Routing / dynamic traffic assignment / managed-lane operation,Routing / dynamic traffic assignment / managed-lane operation,"A dedicated or reserved AV/CACC lane is a managed-lane operation, which the codebook places in routing/DTA/managed-lane operation; lane assignment/lane-use control is kept for operational lane allocation at a facility. The rule is applied to Chakraborty et al. (2021), van Arem et al. (2006) and Xiao et al. (2020). Both relationships move from lane-use control to RT.",YES,NO,YES
M010,Chen et al. (2021),figure2_application_family,Cooperative merging / coordinated gap creation / ramp coordination,Cooperative merging / coordinated gap creation / ramp coordination; Integrated longitudinal–lateral bottleneck control,Cooperative merging / coordinated gap creation / ramp coordination,"The capacity-drop and merging relationships come from gap and lane-change coordination at the merge, which is cooperative merging; see the operational-application decision.",NO,YES,NO
M017,Du et al. (2023),figure2_application_family,Speed harmonization / dynamic headway / bottleneck-inflow regulation,Traffic smoothing / mobile-actuator control,Speed harmonization / dynamic headway / bottleneck-inflow regulation,"Actuator CAVs slow upstream traffic to hold vehicles back until lane changes at the exit clear, which is bottleneck-inflow regulation. The mobile-actuator implementation is recorded in the operational application, which both coders coded as both families.",NO,YES,NO
M023,Gunter et al. (2021),figure2_application_family,Platooning,Traffic smoothing / mobile-actuator control,Traffic smoothing / mobile-actuator control,"Commercial ACC is individual, onboard longitudinal control with no cooperation, which is the traffic-smoothing family; both coders included traffic smoothing in the operational application. The rule is applied to Gunter et al. (2021) and Shang and Stern (2021).",YES,NO,YES
M024,Guo et al. (2022),figure2_application_family,Speed harmonization / dynamic headway / bottleneck-inflow regulation; Cooperative merging / coordinated gap creation / ramp coordination; Platooning,Speed harmonization / dynamic headway / bottleneck-inflow regulation; Cooperative merging / coordinated gap creation / ramp coordination,Speed harmonization / dynamic headway / bottleneck-inflow regulation; Cooperative merging / coordinated gap creation / ramp coordination; Platooning,"The platooning relationship (pipeline capacity rising with penetration; onset indirect) is reported, as are the harmonisation and merging relationships.",NO,YES,NO
M058,Ramezani and Ye (2019),figure2_application_family,Lane assignment / lane-use control; Cooperative merging / coordinated gap creation / ramp coordination,Lane assignment / lane-use control,Lane assignment / lane-use control,"The merging relationship arises from reactive lane-change control clearing the merge lane, so it belongs to lane-use control; no merge coordination is applied. It moves to lane-use × merging turbulence (indirect).",YES,NO,YES
M064,Shang and Stern (2021),figure2_application_family,Platooning,Traffic smoothing / mobile-actuator control,Traffic smoothing / mobile-actuator control,"Commercial ACC is individual, onboard longitudinal control with no cooperation, which is the traffic-smoothing family; both coders included traffic smoothing in the operational application. The rule is applied to Gunter et al. (2021) and Shang and Stern (2021).",YES,NO,YES
M073,van Arem et al. (2006),figure2_application_family,Lane assignment / lane-use control; Platooning,Platooning,Platooning; Routing / dynamic traffic assignment / managed-lane operation,"A dedicated or reserved AV/CACC lane is a managed-lane operation, which the codebook places in routing/DTA/managed-lane operation; lane assignment/lane-use control is kept for operational lane allocation at a facility. The rule is applied to Chakraborty et al. (2021), van Arem et al. (2006) and Xiao et al. (2020). The lane-changing-friction relationship moves to RT; platooning relationships are kept.",YES,YES,YES
M083,Xiao et al. (2020),figure2_application_family,Lane assignment / lane-use control,Routing / dynamic traffic assignment / managed-lane operation,Routing / dynamic traffic assignment / managed-lane operation,"A dedicated or reserved AV/CACC lane is a managed-lane operation, which the codebook places in routing/DTA/managed-lane operation; lane assignment/lane-use control is kept for operational lane allocation at a facility. The rule is applied to Chakraborty et al. (2021), van Arem et al. (2006) and Xiao et al. (2020). All three relationships move to RT.",YES,NO,YES
M088,Zhao and Kockelman (2018),figure2_application_family,Routing / dynamic traffic assignment / managed-lane operation,(none coded),Routing / dynamic traffic assignment / managed-lane operation,"The toll-avoidance scenario gives contextual evidence that CAV lane and route choices can redistribute congestion, which fits the indirect definition. It is not an evaluated control, so it is not direct.",NO,YES,NO
M009,Chakraborty et al. (2021),figure2_mechanism_relationship,Queue formation / discharge; Shifted / redistributed congestion,Shifted / redistributed congestion,Queue formation / discharge; Shifted / redistributed congestion,"Redistribution is tested directly: total system travel time falls while waiting at one source connector rises 43-56%, so RT × redistribution becomes direct (mixed). Entry-queue reductions are a model output and stay indirect.",NO,YES,NO
M017,Du et al. (2023),figure2_mechanism_relationship,Congestion onset / breakdown; Queue formation / discharge; Lane-changing friction; Physical spillback,Congestion onset / breakdown,Congestion onset / breakdown; Queue formation / discharge; Lane-changing friction; Physical spillback,"Queue length and stop time, and the relocation of lane changes, are measured outcomes. The spillback link stays indirect.",NO,YES,NO
M022,Gu et al. (2022),figure2_mechanism_relationship,Congestion onset / breakdown; Capacity drop; Stop-and-go waves; Merging turbulence,Merging turbulence,Congestion onset / breakdown; Capacity drop; Stop-and-go waves; Merging turbulence,Delayed NFD bifurcation (onset) and the trajectory comparison (stop-and-go waves) are reported directly; the capacity-drop link stays indirect.,NO,YES,NO
M023,Gunter et al. (2021),figure2_mechanism_relationship,Stop-and-go waves; String instability,String instability,Stop-and-go waves; String instability,String instability is tested directly. The stop-and-go link stays indirect because amplified disturbances imply wave seeding but no traffic-level wave metric is measured.,NO,YES,NO
M024,Guo et al. (2022),figure2_mechanism_relationship,Congestion onset / breakdown; Merging turbulence,Stop-and-go waves; Merging turbulence,Congestion onset / breakdown; Stop-and-go waves; Merging turbulence,"Adds harmonisation × stop-and-go waves as indirect: harmonisation is designed to reduce stop-and-go traffic and delay falls, but no wave metric is reported, so the second author's direct code is not supported.",YES,YES,YES
M056,Phan et al. (2020),figure2_mechanism_relationship,Queue formation / discharge; Lane-changing friction,Lane-changing friction,Queue formation / discharge; Lane-changing friction,"The stopped-vehicle count is kept as an indirect queue link; it covers a handful of AVs, not a traffic-level queue.",NO,YES,NO
M058,Ramezani and Ye (2019),figure2_mechanism_relationship,Congestion onset / breakdown; Capacity drop; Queue formation / discharge; Merging turbulence,Congestion onset / breakdown; Capacity drop,Congestion onset / breakdown; Capacity drop; Queue formation / discharge; Merging turbulence,Ramp queue length is a direct outcome and the merging link stays indirect.,NO,YES,NO
M064,Shang and Stern (2021),figure2_mechanism_relationship,Congestion onset / breakdown; String instability,String instability,Congestion onset / breakdown; String instability,Merge-bottleneck capacity falling with commercial ACC share is reported directly alongside string instability.,NO,YES,NO
M073,van Arem et al. (2006),figure2_mechanism_relationship,Stop-and-go waves; Lane-changing friction; Merging turbulence,String instability,Stop-and-go waves; String instability; Lane-changing friction; Merging turbulence,"Adds platooning × string instability as indirect: CACC string stability is built into the vehicle model and shows up as fewer shockwaves (coded under stop-and-go waves), but it is not tested separately. The merge-failure and dedicated-lane friction relationships are measured.",YES,YES,YES
M082,Xiao et al. (2018),figure2_mechanism_relationship,Capacity drop; Queue formation / discharge; Merging turbulence,Capacity drop,Capacity drop; Queue formation / discharge; Merging turbulence,Merging capacity and queue discharge rate are both reported against penetration.,NO,YES,NO
M083,Xiao et al. (2020),figure2_mechanism_relationship,Congestion onset / breakdown; Lane-changing friction; Shifted / redistributed congestion,Shifted / redistributed congestion,Congestion onset / breakdown; Lane-changing friction; Shifted / redistributed congestion,Onset and friction are measured directly. Redistribution becomes direct because delay by vehicle class and lane-level congestion patterns are reported.,NO,YES,NO
M084,Yan et al. (2025),figure2_mechanism_relationship,Capacity drop; Lane-changing friction,Capacity drop,Capacity drop; Lane-changing friction,"Speed, delay and throughput improvements from coordinated weaving lane changes are reported at every penetration rate.",NO,YES,NO
M088,Zhao and Kockelman (2018),figure2_mechanism_relationship,Shifted / redistributed congestion,(none coded),Shifted / redistributed congestion,See the application-family decision: an indirect redistribution link.,NO,YES,NO
M091,Zhu et al. (2024),figure2_mechanism_relationship,Congestion onset / breakdown; Capacity drop; Merging turbulence,Merging turbulence,Congestion onset / breakdown; Capacity drop; Merging turbulence,Breakdown prevention is measured directly; the capacity-drop link stays indirect.,NO,YES,NO
M058,Ramezani and Ye (2019),figure2_support_directness [Lane assignment / lane-use control × Capacity drop],INDIRECT,DIRECT,INDIRECT,"Gains are attributed to delayed onset and reduced capacity drop, but no pre-breakdown versus discharge comparison is reported; throughput or travel-time gains are not coded as capacity-drop effects.",NO,YES,NO
M010,Chen et al. (2021),figure2_finding_pattern [Cooperative merging / coordinated gap creation / ramp coordination × Merging turbulence],strongly_conditional,consistent_positive,strongly_conditional,"S1-S3 works only at high penetration and S2-S3 over a wide range, so the benefit depends on penetration and strategy.",NO,YES,NO
M024,Guo et al. (2022),figure2_finding_pattern [Cooperative merging / coordinated gap creation / ramp coordination × Merging turbulence],strongly_conditional,consistent_positive,strongly_conditional,At 70% penetration multi-vehicle release worsens performance and delay rises slightly despite higher throughput; results depend on release strategy and penetration.,NO,YES,NO
M082,Xiao et al. (2018),figure2_finding_pattern [Platooning × Capacity drop],negative,strongly_conditional,negative,Capacity drop persists at every penetration (17.1% manual versus 15.4-17.2% with CACC) and grows in veh/h; CACC does not mitigate it under any tested condition.,NO,YES,NO
M091,Zhu et al. (2024),figure2_finding_pattern [Cooperative merging / coordinated gap creation / ramp coordination × Merging turbulence],strongly_conditional,consistent_positive,strongly_conditional,Ramp delay rises at low demand (scenarios 1A and 1B) and the authors recommend a volume activation threshold; the benefit holds only at high demand.,NO,YES,NO