reference_number,match_status,manuscript_reference,citation_key,matrix_title,doi_or_stable_url,application_codes,note
1,matched to uploaded coded matrix,"Adam, R., Alhammadi, A., Abdelfatah, A., & Ali, T. (2025). A Systematic Review of the Impact of Autonomous Vehicles on Transportation Networks. Journal of Sustainable Development of Energy, Water and Environment Systems, 13(3), 1-26. https://doi.org/10.13044/j.sdewes.d13.0583",Adam 2025,A Systematic Review of the Impact of Autonomous Vehicles on Transportation Networks,https://doi.org/10.13044/j.sdewes.d13.0583,routing_dta_managed_lane_operation,Excluded from application-map support if foundational/review-only.
2,matched to uploaded coded matrix,"Algomaiah, M., & Li, Z. (2022). Enhancing work zone capacity by a cooperative late merge system using decentralized and centralized control strategies. Journal of Transportation Engineering, Part A: Systems. https://doi.org/10.1061/JTEPBS.0000632",Majeed Algomaiah 2022,Enhancing Work Zone Capacity by a Cooperative Late Merge System Using Decentralized and Centralized Control Strategies,https://doi.org/10.1061/JTEPBS.0000632,cooperative_merging_gap_creation_ramp_coordination; integrated_longitudinal_lateral_bottleneck_control; speed_harmonization_dynamic_headway_bottleneck_inflow,
3,matched to uploaded coded matrix,"An, G., & Talebpour, A. (2019). Lane-changing trajectory optimization to minimize traffic flow disturbance in a connected automated driving environment. 2019 IEEE Intelligent Transportation Systems Conference (ITSC). https://doi.org/10.1109/ITSC.2019.8916942",Gihyeob An 2019,Lane-Changing Trajectory Optimization to Minimize Traffic Flow Disturbance in a Connected Automated Driving Environment,https://doi.org/10.1109/ITSC.2019.8916942,integrated_longitudinal_lateral_bottleneck_control,
4,matched to uploaded coded matrix,"An, L., Yang, X., Kim, D.-K., Hu, J., Wang, G., & Xu, Z. (2023). Speed harmonization for partially connected and automated traffic. IEEE Transactions on Intelligent Transportation Systems. https://doi.org/10.1109/TITS.2023.3287336",An et al. 2023,Speed Harmonization for Partially Connected and Automated Traffic,https://doi.org/10.1109/TITS.2023.3287336,speed_harmonization_dynamic_headway_bottleneck_inflow,
5,matched to uploaded coded matrix,"Bai, Y., Zhang, Y., Li, X., & Hu, J. (2022). Cooperative weaving for connected and automated vehicles to reduce traffic oscillation. Transportmetrica A: Transport Science. https://doi.org/10.1080/23249935.2019.1645758",Yu Bai 2022,Cooperative weaving for connected and automated vehicles to reduce traffic oscillation,https://doi.org/10.1080/23249935.2019.1645758,cooperative_merging_gap_creation_ramp_coordination; integrated_longitudinal_lateral_bottleneck_control,
6,matched to uploaded coded matrix,"Banks, J. H. (1991). The two-capacity phenomenon: Some theoretical issues. Transportation Research Record. http://onlinepubs.trb.org/Onlinepubs/trr/1991/1320/1320-027.pdf",J. Banks 1991,THE TWO-CAPACITY PHENOMENON: SOME THEORETICAL ISSUES,http://onlinepubs.trb.org/Onlinepubs/trr/1991/1320/1320-027.pdf,speed_harmonization_dynamic_headway_bottleneck_inflow; traffic_smoothing_mobile_actuator,Excluded from application-map support if foundational/review-only.
7,matched to uploaded coded matrix,"Cai, B., Cao, Y., Chai, L., Shangguan, W., Cao, Y., Gao, J., & Chen, J. (2024). A graph reinforcement learning-based approach for merging of mixed traffic vehicles on on-ramp. 2024 IEEE 27th International Conference on Intelligent Transportation Systems (ITSC). https://doi.org/10.1109/ITSC58415.2024.10919644",Cai 2024,A Graph Reinforcement Leaning-Based Approach for Merging of Mixed Traffic Vehicles on On-Ramp,https://doi.org/10.1109/ITSC58415.2024.10919644,,
8,matched to uploaded coded matrix,"Cassidy, M., & Bertini, R. (1999). Some traffic features at freeway bottlenecks. Transportation Research Part B: Methodological. https://doi.org/10.1016/S0191-2615(98)00023-X",Cassidy and Bertini 1999,Some traffic features at freeway bottlenecks,https://doi.org/10.1016/S0191-2615%2898%2900023-X,,Excluded from application-map support if foundational/review-only.
9,verified outside coded matrix — uploaded full-text PDF,"Chakraborty, S., Rey, D., Levin, M. W., & Waller, S. T. (2021). Freeway network design with exclusive lanes for automated vehicles under endogenous mobility demand. Transportation Research Part C: Emerging Technologies. https://doi.org/10.1016/j.trc.2021.103440",Chakraborty et al. 2021,,https://doi.org/10.1016/j.trc.2021.103440,routing_dta_managed_lane_operation,Full text supplied and manually reviewed. Operational/network study added to the application-mechanism audit. Primary application: AV-exclusive/managed-lane network design with system-optimum DTA and endogenous demand. Direct map support: queue formation/discharge and shifted/redistributed congestion; physical spillback treated only as indirect because spatial queue propagation is represented but spillback is not reported as a measured outcome.
10,matched to uploaded coded matrix,"Chen, D., Srivastava, A., & Ahn, S. (2021). Harnessing connected and automated vehicle technologies to control lane changes at freeway merge bottlenecks in mixed traffic. Transportation Research Part C: Emerging Technologies. https://doi.org/10.1016/j.trc.2020.102950",Danjue Chen 2021,Harnessing connected and automated vehicle technologies to control lane changes at freeway merge bottlenecks in mixed traffic,https://doi.org/10.1016/j.trc.2020.102950,cooperative_merging_gap_creation_ramp_coordination,
11,matched to uploaded coded matrix,"Chen, J., Zhou, Y., & Chung, E. (2023). An integrated approach to optimal merging sequence generation and trajectory planning of connected automated vehicles for freeway on-ramp merging sections. IEEE Transactions on Intelligent Transportation Systems, 25(2), 1897-1912. https://doi.org/10.1109/TITS.2023.3315650",Jieming Chen 2024,An Integrated Approach to Optimal Merging Sequence Generation and Trajectory Planning of Connected Automated Vehicles for Freeway On-Ramp Merging Sections,https://doi.org/10.1109/TITS.2023.3315650,cooperative_merging_gap_creation_ramp_coordination; integrated_longitudinal_lateral_bottleneck_control,
12,matched to uploaded coded matrix,"Chung, S., Ka, D., Kim, Y., & Lee, C. (2024). Gap setting control strategy for connected and automated vehicles in freeway lane-drop bottlenecks. IET Intelligent Transport Systems. https://doi.org/10.1049/itr2.12538",Sungyong Chung 2024,Gap setting control strategy for connected and automated vehicles in freeway lane-drop bottlenecks,https://doi.org/10.1049/itr2.12538,cooperative_merging_gap_creation_ramp_coordination; speed_harmonization_dynamic_headway_bottleneck_inflow,
13,matched to uploaded coded matrix,"Cui, S., Seibold, B., Stern, R. E., & Work, D. B. (2017). Stabilizing traffic flow via a single autonomous vehicle: Possibilities and limitations. 2017 IEEE Intelligent Vehicles Symposium (IV). https://doi.org/10.1109/IVS.2017.7995897",Shumo Cui 2017,Stabilizing traffic flow via a single autonomous vehicle: Possibilities and limitations,https://doi.org/10.1109/IVS.2017.7995897,traffic_smoothing_mobile_actuator,
14,verified outside coded matrix — uploaded full-text PDF,"Daganzo, C. F. (1994). The cell transmission model: A dynamic representation of highway traffic consistent with the hydrodynamic theory. Transportation research part B: methodological, 28(4), 269-287.",Daganzo 1994,,https://doi.org/10.1016/0191-2615(94)90002-7,,"Full text supplied and verified. Foundational cell-transmission-model paper on queue building, propagation, dissipation, and shockwaves. Retained as mechanism-supporting/foundational evidence; not used as an operational application row or Figure 2 marker-support study."
15,verified outside coded matrix — uploaded full-text PDF,"Daganzo, C. F. (1995). The cell transmission model, part II: network traffic. Transportation Research Part B: Methodological, 29(2), 79-93.",Daganzo 1995,,https://doi.org/10.1016/0191-2615(94)00022-R,,"Full text supplied and verified. Foundational network extension of the cell transmission model, including finite-capacity network traffic and dynamic traffic assignment foundations. Mechanism-supporting/foundational only; not used as operational application-map support."
16,matched to uploaded coded matrix,"Daganzo, C. F., Laval, J., & Muñoz, J. C. (2002). Ten strategies for freeway congestion mitigation with advanced technologies.",Daganzo 2002,Ten strategies for freeway congestion mitigation with advanced technologies,https://escholarship.org/uc/item/4kd6v6qf,speed_harmonization_dynamic_headway_bottleneck_inflow,
17,matched to uploaded coded matrix,"Du, Y., Makridis, M. A., Tampère, C. M. J., Kouvelas, A., & ShangGuan, W. (2023). Adaptive control with moving actuators at motorway bottlenecks with connected and automated vehicles. Transportation Research Part C: Emerging Technologies. https://doi.org/10.1016/j.trc.2023.104319",Yu Du 2023,Adaptive Control with Moving Actuators at Motorway Bottlenecks with Connected and Automated Vehicles,https://doi.org/10.1016/j.trc.2023.104319,speed_harmonization_dynamic_headway_bottleneck_inflow; traffic_smoothing_mobile_actuator,
18,matched to uploaded coded matrix,"Elmorshedy, L., Smirnov, I., & Abdulhai, B. (2023). Freeway congestion management with reinforcement learning headway control of connected and autonomous vehicles. Transportation Research Record. https://doi.org/10.1177/03611981231152459",Elmorshedy et al. 2023,Freeway Congestion Management With Reinforcement Learning Headway Control of Connected and Autonomous Vehicles,https://doi.org/10.1177/03611981231152459,speed_harmonization_dynamic_headway_bottleneck_inflow,
19,matched to uploaded coded matrix,"Ghiasi, A., Li, X., & Ma, J. (2019). A mixed traffic speed harmonization model with connected autonomous vehicles. Transportation Research Part C: Emerging Technologies. https://doi.org/10.1016/j.trc.2019.05.005",A. Ghiasi 2019,A mixed traffic speed harmonization model with connected autonomous vehicles,https://doi.org/10.1016/j.trc.2019.05.005,speed_harmonization_dynamic_headway_bottleneck_inflow,
20,matched to uploaded coded matrix,"Goñi-Ros, B., Knoop, V. L., Takahashi, T., Sakata, I., van Arem, B., & Hoogendoorn, S. P. (2016). Optimization of traffic flow at freeway sags by controlling the acceleration of vehicles equipped with in-car systems. Transportation Research Part C: Emerging Technologies. https://doi.org/10.1016/j.trc.2016.06.022",Goñi-Ros et al. 2016,Optimization of traffic flow at freeway sags by controlling the acceleration of vehicles equipped with in-car systems,https://doi.org/10.1016/j.trc.2016.06.022,speed_harmonization_dynamic_headway_bottleneck_inflow,
21,matched to uploaded coded matrix,"Goñi-Ros, B., Schakel, W. J., Papacharalampous, A. E., Wang, M., Knoop, V. L., Sakata, I., van Arem, B., & Hoogendoorn, S. P. (2019). Using advanced adaptive cruise control systems to reduce congestion at sags: An evaluation based on microscopic traffic simulation. Transportation Research Part C: Emerging Technologies. https://doi.org/10.1016/j.trc.2019.02.021",Bernat Goñi-Ros 2019,Using advanced adaptive cruise control systems to reduce congestion at sags: An evaluation based on microscopic traffic simulation,https://doi.org/10.1016/j.trc.2019.02.021,speed_harmonization_dynamic_headway_bottleneck_inflow; traffic_smoothing_mobile_actuator,
22,matched to uploaded coded matrix,"Gu, Z., Wang, Z., Liu, Z., & Saberi, M. (2022). Network traffic instability with automated driving and cooperative merging. Transportation Research Part C: Emerging Technologies. https://doi.org/10.1016/j.trc.2022.103626",Ziyuan Gu 2022,Network traffic instability with automated driving and cooperative merging,https://doi.org/10.1016/j.trc.2022.103626,cooperative_merging_gap_creation_ramp_coordination; routing_dta_managed_lane_operation,
23,matched to uploaded coded matrix,"Gunter, G., Gloudemans, D., Stern, R. E., McQuade, S., Bhadani, R., Bunting, M., Delle Monache, M. L., Lysecky, R., Seibold, B., Sprinkle, J., Piccoli, B., & Work, D. B. (2021). Are commercially implemented adaptive cruise control systems string stable? IEEE Transactions on Intelligent Transportation Systems, 22(11), 6992–7003. https://doi.org/10.1109/TITS.2020.3000682",Gunter et al. 2021,Are Commercially Implemented Adaptive Cruise Control Systems String Stable?,https://doi.org/10.1109/TITS.2020.3000682,traffic_smoothing_mobile_actuator,
24,matched to uploaded coded matrix,"Guo, Y., Ma, J., Leslie, E., & Huang, Z. (2022). Evaluating the effectiveness of integrated connected automated vehicle applications applied to freeway managed lanes. IEEE Transactions on Intelligent Transportation Systems. https://doi.org/10.1109/TITS.2020.3012678",Guo et al. 2022,Evaluating the Effectiveness of Integrated Connected Automated Vehicle Applications Applied to Freeway Managed Lanes,https://doi.org/10.1109/TITS.2020.3012678,cooperative_merging_gap_creation_ramp_coordination; platooning; routing_dta_managed_lane_operation; speed_harmonization_dynamic_headway_bottleneck_inflow,
25,matched to uploaded coded matrix,"Guo, Y., Xu, H., Zhang, Y., & Yao, D. (2020). Integrated variable speed limits and lane-changing control for freeway lane-drop bottlenecks. IEEE Access. https://doi.org/10.1109/ACCESS.2020.2981658",Yuqing Guo 2020,Integrated Variable Speed Limits and Lane-Changing Control for Freeway Lane-Drop Bottlenecks,https://doi.org/10.1109/ACCESS.2020.2981658,integrated_longitudinal_lateral_bottleneck_control; speed_harmonization_dynamic_headway_bottleneck_inflow,
26,matched to uploaded coded matrix,"Ha, P., Chen, S., Dong, J., & Labi, S. (2025). Leveraging vehicle connectivity and autonomy for highway bottleneck congestion mitigation using reinforcement learning. Transportmetrica A: Transport Science, 21(1), Article 2215338. https://doi.org/10.1080/23249935.2023.2215338",Ha 2023,Leveraging vehicle connectivity and autonomy for highway bottleneck congestion mitigation using reinforcement learning,https://doi.org/10.1080/23249935.2023.2215338,speed_harmonization_dynamic_headway_bottleneck_inflow,
27,matched to uploaded coded matrix,"Han, Y., & Ahn, S. (2020). Variable speed release (VSR): Speed control to increase bottleneck capacity. IEEE Transactions on Intelligent Transportation Systems. https://doi.org/10.1109/TITS.2019.2891314",Youngjun Han 2020,Variable Speed Release (VSR): Speed Control to Increase Bottleneck Capacity,https://doi.org/10.1109/TITS.2019.2891314,speed_harmonization_dynamic_headway_bottleneck_inflow,
28,matched to uploaded coded matrix,"Han, Y., Wang, M., He, Z., Li, Z., Wang, H., & Liu, P. (2021). A linear Lagrangian model predictive controller of macro- and micro-variable speed limits to eliminate freeway jam waves. Transportation Research Part C: Emerging Technologies. https://doi.org/10.1016/j.trc.2021.103121",Yu Han 2021,A linear Lagrangian model predictive controller of macro- and micro- variable speed limits to eliminate freeway jam waves,https://doi.org/10.1016/j.trc.2021.103121,speed_harmonization_dynamic_headway_bottleneck_inflow; traffic_smoothing_mobile_actuator,
29,matched to uploaded coded matrix,"Hou, K., Zheng, F., Liu, X., & Guo, G. (2023). Cooperative on-ramp merging control model for mixed traffic on multi-lane freeways. IEEE Transactions on Intelligent Transportation Systems. https://doi.org/10.1109/TITS.2023.3274586",Kangning Hou 2023,Cooperative On-Ramp Merging Control Model for Mixed Traffic on Multi-Lane Freeways,https://doi.org/10.1109/TITS.2023.3274586,cooperative_merging_gap_creation_ramp_coordination; integrated_longitudinal_lateral_bottleneck_control,
30,matched to uploaded coded matrix,"Hu, X., & Sun, J. (2019). Trajectory optimization of connected and autonomous vehicles at a multilane freeway merging area. Transportation Research Part C: Emerging Technologies. https://doi.org/10.1016/j.trc.2019.02.016",Hu 2019,Trajectory optimization of connected and autonomous vehicles at a multilane freeway merging area,https://doi.org/10.1016/j.trc.2019.02.016,cooperative_merging_gap_creation_ramp_coordination; integrated_longitudinal_lateral_bottleneck_control,
31,matched to uploaded coded matrix,"Hua, C., & Fan, W. D. (2023). Dynamic speed harmonization for mixed traffic flow on the freeway using deep reinforcement learning. IET Intelligent Transport Systems. https://doi.org/10.1049/itr2.12429",Chengying Hua 2023,Dynamic speed harmonization for mixed traffic flow on the freeway using deep reinforcement learning,https://doi.org/10.1049/itr2.12429,speed_harmonization_dynamic_headway_bottleneck_inflow,
32,matched to uploaded coded matrix,"Hung, Y.-C., & Zhang, K. (2022). Impact of cooperative adaptive cruise control on traffic stability. Transportation Research Record. https://doi.org/10.1177/03611981221094822",Hung and Zhang 2022,Impact of Cooperative Adaptive Cruise Control on Traffic Stability,https://doi.org/10.1177/03611981221094822,traffic_smoothing_mobile_actuator,
33,matched to uploaded coded matrix,"Jin, W. L., Gan, Q. J., & Lebacque, J. P. (2015). A kinematic wave theory of capacity drop. Transportation Research Part B: Methodological, 81, 316-329.",W. Jin 2015,A kinematic wave theory of capacity drop,https://doi.org/10.1016/j.trb.2015.07.020,,Excluded from application-map support if foundational/review-only.
34,matched to uploaded coded matrix,"Karimi, M., Roncoli, C., Alecsandru, C., & Papageorgiou, M. (2020). Cooperative merging control via trajectory optimization in mixed vehicular traffic. Transportation Research Part C: Emerging Technologies. https://doi.org/10.1016/j.trc.2020.102663",M. Karimi 2020,Cooperative merging control via trajectory optimization in mixed vehicular traffic,https://doi.org/10.1016/j.trc.2020.102663,cooperative_merging_gap_creation_ramp_coordination,
35,verified outside coded matrix — uploaded full-text PDF,"Kesting, A., Treiber, M., & Helbing, D. (2010). Enhanced intelligent driver model to access the impact of driving strategies on traffic capacity. Philosophical Transactions of the Royal Society A: Mathematical, Physical and Engineering Sciences, 368(1928), 4585-4605.",Kesting et al. 2010,,https://doi.org/10.1098/rsta.2010.0084,speed_harmonization_dynamic_headway_bottleneck_inflow,"Full text supplied and manually reviewed. Direct ACC congestion-control evidence added to the application-mechanism audit. Two-lane on-ramp simulations use traffic-adaptive ACC time-gap/acceleration settings to examine breakdown prevention, maximum pre-breakdown flow, dynamic post-breakdown capacity, and capacity drop."
36,matched to uploaded coded matrix,"Ko, B., Ryu, S., Park, B. B., & Son, S. H. (2020). Speed harmonisation and merge control using connected automated vehicles on a highway lane closure: A reinforcement learning approach. IET Intelligent Transport Systems. https://doi.org/10.1049/iet-its.2019.0709",Ko et al. 2020,Speed harmonisation and merge control using connected automated vehicles on a highway lane closure: a reinforcement learning approach,https://doi.org/10.1049/iet-its.2019.0709,cooperative_merging_gap_creation_ramp_coordination; integrated_longitudinal_lateral_bottleneck_control; speed_harmonization_dynamic_headway_bottleneck_inflow,
37,matched to uploaded coded matrix,"Kreidieh, A. R., Wu, C., & Bayen, A. M. (2018). Dissipating stop-and-go waves in closed and open networks via deep reinforcement learning. 2018 21st International Conference on Intelligent Transportation Systems (ITSC). https://doi.org/10.1109/ITSC.2018.8569485",Kreidieh 2018,Dissipating stop-and-go waves in closed and open networks via deep reinforcement learning,https://doi.org/10.1109/ITSC.2018.8569485,traffic_smoothing_mobile_actuator,
38,matched to uploaded coded matrix,"Kušić, K., Dusparic, I., Guériau, M., Gregurić, M., & Ivanjko, E. (2020). Extended variable speed limit control using multi-agent reinforcement learning. 2020 IEEE 23rd International Conference on Intelligent Transportation Systems (ITSC). https://doi.org/10.1109/ITSC45102.2020.9294639",K. Kušić 2020,Extended Variable Speed Limit control using Multi-agent Reinforcement Learning,https://doi.org/10.1109/ITSC45102.2020.9294639,speed_harmonization_dynamic_headway_bottleneck_inflow; traffic_smoothing_mobile_actuator,
39,matched to uploaded coded matrix,"Laval, J. A., & Daganzo, C. F. (2006). Lane-changing in traffic streams. Transportation Research Part B: Methodological. https://doi.org/10.1016/j.trb.2005.04.003",Laval 2006,Lane-changing in traffic streams,https://doi.org/10.1016/j.trb.2005.04.003,,Excluded from application-map support if foundational/review-only.
40,matched to uploaded coded matrix,"Li, J., Yu, C., Shen, Z., Su, Z., & Ma, W. (2023). A survey on urban traffic control under mixed traffic environment with connected automated vehicles. Transportation Research Part C: Emerging Technologies. https://doi.org/10.1016/j.trc.2023.104258",Jinjue Li 2023,A survey on urban traffic control under mixed traffic environment with connected automated vehicles,https://doi.org/10.1016/j.trc.2023.104258,routing_dta_managed_lane_operation,Excluded from application-map support if foundational/review-only.
41,matched to uploaded coded matrix,"Li, Y., Zheng, J., Qin, L., & Li, H. (2025). Highway capacity of mixed traffic flow with autonomous vehicles: A review. Physica A: Statistical Mechanics and Its Applications. https://doi.org/10.1016/j.physa.2025.130653",Li 2025,Highway capacity of mixed traffic flow with autonomous vehicles: A review,https://doi.org/10.1016/j.physa.2025.130653,platooning,Excluded from application-map support if foundational/review-only.
42,matched to uploaded coded matrix,"Li, Z., Liu, P., Xu, C., Duan, H., & Wang, W. (2017). Reinforcement learning-based variable speed limit control strategy to reduce traffic congestion at freeway recurrent bottlenecks. IEEE Transactions on Intelligent Transportation Systems. https://doi.org/10.1109/TITS.2017.2687620",Zhibin Li 2017,Reinforcement Learning-Based Variable Speed Limit Control Strategy to Reduce Traffic Congestion at Freeway Recurrent Bottlenecks,https://doi.org/10.1109/TITS.2017.2687620,speed_harmonization_dynamic_headway_bottleneck_inflow,
43,matched to uploaded coded matrix,"Lighthill, M. J., & Whitham, G. B. (1955). On kinematic waves II: A theory of traffic flow on long crowded roads. Proceedings of the Royal Society A. https://doi.org/10.1098/rspa.1955.0089",Lighthill 1955,On kinematic waves II. A theory of traffic flow on long crowded roads,https://doi.org/10.1098/rspa.1955.0089,,Excluded from application-map support if foundational/review-only.
44,matched to uploaded coded matrix,"Liu, L., Li, X., Li, Y., Li, J., & Liu, Z. (2024). Reinforcement-learning-based multilane cooperative control for on-ramp merging in mixed-autonomy traffic. IEEE Internet of Things Journal. https://doi.org/10.1109/JIOT.2024.3447039",Lin Liu 2024,Reinforcement-Learning-Based Multilane Cooperative Control for On-Ramp Merging in Mixed-Autonomy Traffic,https://doi.org/10.1109/JIOT.2024.3447039,cooperative_merging_gap_creation_ramp_coordination; integrated_longitudinal_lateral_bottleneck_control,
45,matched to uploaded coded matrix,"Lu, W., Yi, Z., Liang, B., Rui, Y., & Ran, B. (2024). Improving traffic operation of bottleneck in a connected and automated vehicles environment: An integrated lane-level control method. IEEE Transactions on Intelligent Transportation Systems. https://doi.org/10.1109/TITS.2024.3362129",Wenqi Lu 2024,Improving Traffic Operation of Bottleneck in a Connected and Automated Vehicles Environment: An Integrated Lane-Level Control Method,https://doi.org/10.1109/TITS.2024.3362129,integrated_longitudinal_lateral_bottleneck_control; speed_harmonization_dynamic_headway_bottleneck_inflow,
46,bibliographically verified outside coded matrix — full text unavailable,"Mahmassani, H. S. (2016). 50th anniversary invited article—Autonomous vehicles and connected vehicle systems: Flow and operations considerations. Transportation Science, 50(4), 1140-1162.",Mahmassani 2016,,https://doi.org/10.1287/trsc.2016.0712,,DOI supplied in the updated audit. Full text was not supplied and is not publicly available according to the author note. Kept as system-context/foundational reference only; no new corpus coding or Figure 2 marker support was inferred without the full text.
47,matched to uploaded coded matrix,"Marczak, F., Leclercq, L., & Buisson, C. (2015). A macroscopic model for freeway weaving sections. Computer-Aided Civil and Infrastructure Engineering. https://doi.org/10.1111/mice.12119",Marczak 2015,A macroscopic model for freeway weaving sections,https://doi.org/10.1111/mice.12119,,Excluded from application-map support if foundational/review-only.
48,matched to uploaded coded matrix,"Nakka, S. K. S., Chalaki, B., & Malikopoulos, A. A. (2022). A multi-agent deep reinforcement learning coordination framework for connected and automated vehicles at merging roadways. 2022 American Control Conference (ACC). https://doi.org/10.23919/ACC53348.2022.9867314",S. Nakka 2022,A Multi-Agent Deep Reinforcement Learning Coordination Framework for Connected and Automated Vehicles at Merging Roadways,https://doi.org/10.23919/ACC53348.2022.9867314,cooperative_merging_gap_creation_ramp_coordination,
49,verified outside coded matrix — uploaded full-text PDF,"Newell, G. F. (1993). A simplified theory of kinematic waves in highway traffic, part I: General theory. Transportation Research Part B: Methodological, 27(4), 281-287.",Newell 1993,,https://doi.org/10.1016/0191-2615(93)90038-C,,Full text supplied and verified. Foundational kinematic-wave/cumulative-flow theory. Mechanism-supporting/foundational only; not used as operational application-map support.
50,matched to uploaded coded matrix,"Öncü, S., Ploeg, J., van de Wouw, N., & Nijmeijer, H. (2014). Cooperative adaptive cruise control: Network-aware analysis of string stability. IEEE Transactions on Intelligent Transportation Systems. https://doi.org/10.1109/TITS.2014.2302816",Sinan Öncü 2014,Cooperative Adaptive Cruise Control: Network-Aware Analysis of String Stability,https://doi.org/10.1109/TITS.2014.2302816,traffic_smoothing_mobile_actuator,
51,matched to uploaded coded matrix,"Pan, T., Guo, R., Lam, W. H. K., Zhong, R., Wang, W., & He, B. (2021). Integrated optimal control strategies for freeway traffic mixed with connected automated vehicles: A model-based reinforcement learning approach. Transportation Research Part C: Emerging Technologies. https://doi.org/10.1016/j.trc.2021.102987",Pan et al. 2021,Integrated optimal control strategies for freeway traffic mixed with connected automated vehicles: A model-based reinforcement learning approach,https://doi.org/10.1016/j.trc.2021.102987,integrated_longitudinal_lateral_bottleneck_control; speed_harmonization_dynamic_headway_bottleneck_inflow,
52,matched to uploaded coded matrix,"Pan, Y., Wu, Y., Xu, L., Xia, C., & Olson, D. L. (2024). The impacts of connected autonomous vehicles on mixed traffic flow: A comprehensive review. Physica A: Statistical Mechanics and Its Applications. https://doi.org/10.1016/j.physa.2023.129454",Yuchen Pan 2024,The impacts of connected autonomous vehicles on mixed traffic flow: A comprehensive review,https://doi.org/10.1016/j.physa.2023.129454,routing_dta_managed_lane_operation; speed_harmonization_dynamic_headway_bottleneck_inflow; traffic_smoothing_mobile_actuator,Excluded from application-map support if foundational/review-only.
53,matched to uploaded coded matrix,"Papacharalampous, A. E., Wang, M., Knoop, V. L., Goñi-Ros, B., Takahashi, T., Sakata, I., van Arem, B., & Hoogendoorn, S. P. (2015). Mitigating congestion at sags with adaptive cruise control systems. 2015 IEEE 18th International Conference on Intelligent Transportation Systems. https://doi.org/10.1109/ITSC.2015.395",Papacharalampous et al. 2015,Mitigating Congestion at Sags with Adaptive Cruise Control Systems,https://doi.org/10.1109/ITSC.2015.395,speed_harmonization_dynamic_headway_bottleneck_inflow; traffic_smoothing_mobile_actuator,
54,matched to uploaded coded matrix,"Perraki, G., Roncoli, C., Papamichail, I., & Papageorgiou, M. (2018). Evaluation of a model predictive control framework for motorway traffic involving conventional and automated vehicles. Transportation Research Part C: Emerging Technologies. https://doi.org/10.1016/j.trc.2018.05.002",Georgia Perraki 2018,Evaluation of a model predictive control framework for motorway traffic involving conventional and automated vehicles,https://doi.org/10.1016/j.trc.2018.05.002,speed_harmonization_dynamic_headway_bottleneck_inflow,
55,matched to uploaded coded matrix,"Perrine, K. A., Kockelman, K. M., & Huang, Y. (2020). Anticipating long-distance travel shifts due to self-driving vehicles. Journal of Transport Geography. https://doi.org/10.1016/j.jtrangeo.2019.102547",Perrine 2020,Anticipating long-distance travel shifts due to self-driving vehicles,https://doi.org/10.1016/j.jtrangeo.2019.102547,routing_dta_managed_lane_operation,
56,matched to uploaded coded matrix,"Phan, T. T., Le, L., & Ngoduy, D. (2020). A cooperative space distribution method for autonomous vehicles at a lane-drop bottleneck on multi-lane freeways. IEEE Transactions on Intelligent Transportation Systems. https://doi.org/10.1109/TITS.2020.3040431",T. T. Phan 2020,A Cooperative Space Distribution Method for Autonomous Vehicles at A Lane-Drop Bottleneck on Multi-Lane Freeways,https://doi.org/10.1109/TITS.2020.3040431,integrated_longitudinal_lateral_bottleneck_control; platooning,
57,matched to uploaded coded matrix,"Qin, Y., & Wang, H. (2021). Stabilizing mixed cooperative adaptive cruise control traffic flow to balance capacity using car-following model. Journal of Intelligent Transportation Systems. https://doi.org/10.1080/15472450.2021.1985490",Qin and Wang 2021,Stabilizing mixed cooperative adaptive cruise control traffic flow to balance capacity using car-following model,https://doi.org/10.1080/15472450.2021.1985490,traffic_smoothing_mobile_actuator,
58,matched to uploaded coded matrix,"Ramezani, M., & Ye, E. (2019). Lane density optimisation of automated vehicles for highway congestion control. Transportmetrica B: Transport Dynamics. https://doi.org/10.1080/21680566.2019.1568925",M. Ramezani 2019,Lane density optimisation of automated vehicles for highway congestion control,https://doi.org/10.1080/21680566.2019.1568925,lane_assignment_lane_use_control,
59,bibliographically verified outside coded matrix — full text unavailable,"Richards, P. I. (1956). Shock waves on the highway. Operations research, 4(1), 42-51.",Richards 1956,,https://doi.org/10.1287/opre.4.1.42,,DOI supplied in the updated audit. Full text was not supplied and is not publicly available according to the author note. Foundational LWR/shock-wave reference; no new application coding or Figure 2 marker support was inferred.
60,matched to uploaded coded matrix,"Rios-Torres, J., & Malikopoulos, A. A. (2017). Automated and cooperative vehicle merging at highway on-ramps. IEEE Transactions on Intelligent Transportation Systems. https://doi.org/10.1109/TITS.2016.2587582",Rios-Torres and Malikopoulos 2017,Automated and cooperative vehicle merging at highway on-ramps,https://doi.org/10.1109/TITS.2016.2587582,cooperative_merging_gap_creation_ramp_coordination,
61,matched to uploaded coded matrix,"Roncoli, C. (2019). Integrated optimal traffic flow control enabled by speed and time-gap regulation. 2019 IEEE Intelligent Transportation Systems Conference (ITSC). https://doi.org/10.1109/ITSC.2019.8917432",C. Roncoli 2019,Integrated optimal traffic flow control enabled by speed and time-gap regulation,https://doi.org/10.1109/ITSC.2019.8917432,routing_dta_managed_lane_operation; speed_harmonization_dynamic_headway_bottleneck_inflow,
62,matched to uploaded coded matrix,"Roncoli, C., Papamichail, I., & Papageorgiou, M. (2015). Model predictive control for motorway traffic with mixed manual and VACS-equipped vehicles. Transportation Research Procedia. https://doi.org/10.1016/j.trpro.2015.09.095",C. Roncoli 2015,Model Predictive Control for Motorway Traffic with Mixed Manual and VACS-equipped Vehicles☆,https://doi.org/10.1016/j.trpro.2015.09.095,speed_harmonization_dynamic_headway_bottleneck_inflow,
63,matched to uploaded coded matrix,"Rossi, F., Zhang, R., Hindy, Y., & Pavone, M. (2018). Routing autonomous vehicles in congested transportation networks: structural properties and coordination algorithms. Autonomous Robots, 42(7), 1427-1442. https://doi.org/10.1007/s10514-018-9750-5",Rossi 2018,Routing autonomous vehicles in congested transportation networks: structural properties and coordination algorithms,https://doi.org/10.1007/s10514-018-9750-5,routing_dta_managed_lane_operation,
64,matched to uploaded coded matrix,"Shang, M., & Stern, R. E. (2021). Impacts of commercially available adaptive cruise control vehicles on highway stability and throughput. Transportation Research Part C: Emerging Technologies. https://doi.org/10.1016/j.trc.2020.102897",Mingfeng Shang 2021,Impacts of commercially available adaptive cruise control vehicles on highway stability and throughput,https://doi.org/10.1016/j.trc.2020.102897,speed_harmonization_dynamic_headway_bottleneck_inflow; traffic_smoothing_mobile_actuator,
65,matched to uploaded coded matrix,"Shladover, S., Su, D., & Lu, X.-Y. (2012). Impacts of cooperative adaptive cruise control on freeway traffic flow. Transportation Research Record. https://doi.org/10.3141/2324-08",S. Shladover 2012,Impacts of Cooperative Adaptive Cruise Control on Freeway Traffic Flow,https://doi.org/10.3141/2324-08,speed_harmonization_dynamic_headway_bottleneck_inflow; traffic_smoothing_mobile_actuator,
66,matched to uploaded coded matrix,"Srivastava, A., & Geroliminis, N. (2013). Empirical observations of capacity drop in freeway merges with ramp control and integration in a first-order model. Transportation Research Part C: Emerging Technologies, 30, 161-177.",A. Srivastava 2013,Empirical observations of capacity drop in freeway merges with ramp control and integration in a first-order model,https://doi.org/10.1016/j.trc.2013.02.006,integrated_longitudinal_lateral_bottleneck_control; speed_harmonization_dynamic_headway_bottleneck_inflow,Excluded from application-map support if foundational/review-only.
67,matched to uploaded coded matrix,"Stern, R. E., Cui, S., Delle Monache, M. L., Bhadani, R., Bunting, M., Churchill, M., Hamilton, N., Haulcy, R., Pohlmann, H., Wu, F., Piccoli, B., Seibold, B., Sprinkle, J., & Work, D. B. (2018). Dissipation of stop-and-go waves via control of autonomous vehicles: Field experiments. Transportation Research Part C: Emerging Technologies. https://doi.org/10.1016/j.trc.2018.02.005",Stern et al. 2018,Dissipation of stop-and-go waves via control of autonomous vehicles: Field experiments,https://doi.org/10.1016/j.trc.2018.02.005,,
68,matched to uploaded coded matrix,"Subraveti, H. H. S. N., Srivastava, A., Ahn, S., Knoop, V., & van Arem, B. (2021). On lane assignment of connected automated vehicles: Strategies to improve traffic flow at diverge and weave bottlenecks. Transportation Research Part C: Emerging Technologies. https://doi.org/10.1016/j.trc.2021.103126",Hari Hara Sharan Nagalur Subraveti 2021,On lane assignment of connected automated vehicles: strategies to improve traffic flow at diverge and weave bottlenecks,https://doi.org/10.1016/j.trc.2021.103126,lane_assignment_lane_use_control,
69,matched to uploaded coded matrix,"Tajalli, M., Niroumand, R., & Hajbabaie, A. (2022). Distributed cooperative trajectory and lane changing optimization of connected automated vehicles: Freeway segments with lane drop. Transportation Research Part C: Emerging Technologies. https://doi.org/10.1016/j.trc.2022.103761",Mehrdad Tajalli 2022,Distributed cooperative trajectory and lane changing optimization of connected automated vehicles: Freeway segments with lane drop,https://doi.org/10.1016/j.trc.2022.103761,integrated_longitudinal_lateral_bottleneck_control,
70,matched to uploaded coded matrix,"Talebpour, A., & Mahmassani, H. S. (2016). Influence of connected and autonomous vehicles on traffic flow stability and throughput. Transportation Research Part C: Emerging Technologies. https://doi.org/10.1016/j.trc.2016.07.007",Talebpour 2016,Influence of connected and autonomous vehicles on traffic flow stability and throughput,https://doi.org/10.1016/j.trc.2016.07.007,traffic_smoothing_mobile_actuator,
71,bibliographically verified outside coded matrix — book/full text unavailable,"Treiber, M., & Kesting, A. (2012). Traffic flow dynamics: data, models and simulation. Springer Science & Business Media.",Treiber and Kesting 2012,,"https://books.google.com/books?hl=en&lr=&id=sWiUjVAGTVgC&oi=fnd&pg=PR5&dq=Treiber,+M.,+&+Kesting,+A.+(2012).+Traffic+flow+dynamics:+data,+models+and+simulation.+Springer+Science+&+Business+Media.&ots=CTfqOcfVmt&sig=ziV-hkZ_w8tnzT-PTnPs0-ZKlyM#v=onepage&q=Treiber, M., & Kesting, A. (2012). Traffic flow dynamics: data, models and simulation. Springer Science & Business Media.&f=false",,Foundational textbook/reference. An ebook/full text was not supplied and is not available according to the author note. Retained as a bibliographic/foundational source; no new application coding or Figure 2 marker support was inferred.
72,verified outside coded matrix — uploaded full-text PDF,"Treiber, M., Kesting, A., & Helbing, D. (2007). Influence of reaction times and anticipation on stability of vehicular traffic flow. Transportation Research Record, 1999(1), 23-29.",Treiber et al. 2007,,https://doi.org/10.3141/1999-03,,"Full text supplied and verified. Simulation study of human-driver reaction time, anticipation, local stability, and string stability. Mechanism-supporting evidence only; not an AV/CAV congestion-control application and therefore not used for operational application-map marker support."
73,matched to uploaded coded matrix,"van Arem, B., van Driel, C. J. G., & Visser, R. (2006). The impact of cooperative adaptive cruise control on traffic-flow characteristics. IEEE Transactions on Intelligent Transportation Systems. https://doi.org/10.1109/TITS.2006.884615",Van Arem 2006,The Impact of Cooperative Adaptive Cruise Control on Traffic-Flow Characteristics,https://doi.org/10.1109/TITS.2006.884615,speed_harmonization_dynamic_headway_bottleneck_inflow; traffic_smoothing_mobile_actuator,
74,matched to uploaded coded matrix,"Vinitsky, E., Lichtlé, N., Parvate, K., & Bayen, A. M. (2023). Optimizing mixed autonomy traffic flow with decentralized autonomous vehicles and multi-agent reinforcement learning. ACM Transactions on Cyber-Physical Systems. https://doi.org/10.1145/3582576",Eugene Vinitsky 2023,Optimizing Mixed Autonomy Traffic Flow with Decentralized Autonomous Vehicles and Multi-Agent Reinforcement Learning,https://doi.org/10.1145/3582576,speed_harmonization_dynamic_headway_bottleneck_inflow,
75,matched to uploaded coded matrix,"Vinitsky, E., Parvate, K., Kreidieh, A., Wu, C., & Bayen, A. M. (2018). Lagrangian control through deep-RL: Applications to bottleneck decongestion. 2018 21st International Conference on Intelligent Transportation Systems (ITSC). https://doi.org/10.1109/ITSC.2018.8569615",Eugene Vinitsky 2018,Lagrangian Control through Deep-RL: Applications to Bottleneck Decongestion,https://doi.org/10.1109/ITSC.2018.8569615,speed_harmonization_dynamic_headway_bottleneck_inflow,
76,matched to uploaded coded matrix,"Vishnoi, S. C., Ji, J., Bahavarnia, M., Zhang, Y., Taha, A. F., Claudel, C. G., & Work, D. B. (2024). CAV traffic control to mitigate the impact of congestion from bottlenecks: A linear quadratic regulator approach and microsimulation study. Journal on Autonomous Transportation Systems. https://doi.org/10.1145/3636464",Vishnoi et al. 2024,CAV Traffic Control to Mitigate the Impact of Congestion from Bottlenecks: A Linear Quadratic Regulator Approach and Microsimulation Study,https://doi.org/10.1145/3636464,,
77,matched to uploaded coded matrix,"Wada, K., Martínez, I., & Jin, W. L. (2019). Continuum car-following model of capacity drop at sag and tunnel bottlenecks. Transportation Research Procedia, 38, 668-687.",Kentaro Wada 2019,Continuum car-following model of capacity drop at sag and tunnel bottlenecks,https://doi.org/10.1016/j.trpro.2019.05.035,speed_harmonization_dynamic_headway_bottleneck_inflow,Excluded from application-map support if foundational/review-only.
78,matched to uploaded coded matrix,"Wang, M., Daamen, W., Hoogendoorn, S. P., & van Arem, B. (2016). Connected variable speed limits control and car-following control with vehicle-infrastructure communication to resolve stop-and-go waves. Journal of Intelligent Transportation Systems, 20(6), 559–572. https://doi.org/10.1080/15472450.2016.1157022",Wang et al. 2016,Connected variable speed limits control and car-following control with vehicle-infrastructure communication to resolve stop-and-go waves,https://doi.org/10.1080/15472450.2016.1157022,speed_harmonization_dynamic_headway_bottleneck_inflow; traffic_smoothing_mobile_actuator,
79,matched to uploaded coded matrix,"Wang, S., Shang, M., Levin, M. W., & Stern, R. E. (2023). A general approach to smoothing nonlinear mixed traffic via control of autonomous vehicles. Transportation Research Part C: Emerging Technologies. https://doi.org/10.1016/j.trc.2022.103967",Shian Wang 2023,A general approach to smoothing nonlinear mixed traffic via control of autonomous vehicles,https://doi.org/10.1016/j.trc.2022.103967,speed_harmonization_dynamic_headway_bottleneck_inflow; traffic_smoothing_mobile_actuator,
80,matched to uploaded coded matrix,"Wang, S., Stern, R. E., & Levin, M. (2022). Optimal control of autonomous vehicles for traffic smoothing. IEEE Transactions on Intelligent Transportation Systems. https://doi.org/10.1109/TITS.2021.3094552",Shian Wang 2022,Optimal Control of Autonomous Vehicles for Traffic Smoothing,https://doi.org/10.1109/TITS.2021.3094552,traffic_smoothing_mobile_actuator,
81,matched to uploaded coded matrix,"Wu, C., Kreidieh, A. R., Parvate, K., Vinitsky, E., & Bayen, A. M. (2021). Flow: A modular learning framework for mixed autonomy traffic. IEEE Transactions on Robotics. https://doi.org/10.1109/TRO.2021.3087314",Wu 2021,Flow: A Modular Learning Framework for Mixed Autonomy Traffic,https://doi.org/10.1109/TRO.2021.3087314,,
82,matched to uploaded coded matrix,"Xiao, L., Wang, M., Schakel, W., & van Arem, B. (2018). Unravelling effects of cooperative adaptive cruise control deactivation on traffic flow characteristics at merging bottlenecks. Transportation Research Part C: Emerging Technologies. https://doi.org/10.1016/j.trc.2018.10.008",Lin Xiao 2018,Unravelling effects of cooperative adaptive cruise control deactivation on traffic flow characteristics at merging bottlenecks,https://doi.org/10.1016/j.trc.2018.10.008,speed_harmonization_dynamic_headway_bottleneck_inflow,
83,matched to uploaded coded matrix,"Xiao, L., Wang, M., & van Arem, B. (2020). Traffic flow impacts of converting an HOV lane into a dedicated CACC lane on a freeway corridor. IEEE Intelligent Transportation Systems Magazine. https://doi.org/10.1109/MITS.2019.2953477",Lin Xiao 2020,Traffic Flow Impacts of Converting an HOV Lane Into a Dedicated CACC Lane on a Freeway Corridor,https://doi.org/10.1109/MITS.2019.2953477,speed_harmonization_dynamic_headway_bottleneck_inflow,
84,matched to uploaded coded matrix,"Yan, L., Liang, J., & Yang, K. (2025). Bi-level control of weaving sections in mixed traffic environments with connected and automated vehicles. IEEE Transactions on Intelligent Transportation Systems. https://doi.org/10.1109/TITS.2025.3610019",Longhao Yan 2025,Bi-Level Control of Weaving Sections in Mixed Traffic Environments With Connected and Automated Vehicles,https://doi.org/10.1109/TITS.2025.3610019,integrated_longitudinal_lateral_bottleneck_control,
85,matched to uploaded coded matrix,"Yang, K., Zheng, N., & Menendez, M. (2018). Multi-scale perimeter control approach in a connected-vehicle environment. Transportation Research Part C: Emerging Technologies, 94, 32–49. https://doi.org/10.1016/j.trc.2017.08.014",Yang 2018,Multi-scale perimeter control approach in a connected-vehicle environment,https://doi.org/10.1016/j.trc.2017.08.014,perimeter_corridor_control_fleet_rebalancing; routing_dta_managed_lane_operation,
86,matched to uploaded coded matrix,"Yang, Y., Liu, Y., & Roncoli, C. (2025). Macro-micro integration of game-theoretic trajectory planning and tactical lane control for mixed traffic control at motorway bottlenecks. Transportation Research Part C: Emerging Technologies. https://doi.org/10.1016/j.trc.2025.105356",Yuanxiang Yang 2025,Macro-micro integration of game-theoretic trajectory planning and tactical lane control for mixed traffic control at motorway bottlenecks,https://doi.org/10.1016/j.trc.2025.105356,integrated_longitudinal_lateral_bottleneck_control; lane_assignment_lane_use_control,
87,matched to uploaded coded matrix,"Yuan, K., Knoop, V. L., Leclercq, L., & Hoogendoorn, S. P. (2017). Capacity drop: a comparison between stop-and-go wave and standing queue at lane-drop bottleneck. Transportmetrica B: transport dynamics, 5(2), 145-158.",K. Yuan 2017,Capacity drop: a comparison between stop-and-go wave and standing queue at lane-drop bottleneck,https://doi.org/10.1080/21680566.2016.1245163,,Excluded from application-map support if foundational/review-only.
88,matched to uploaded coded matrix,"Zhao, Y., & Kockelman, K. M. (2018). Anticipating the regional impacts of connected and automated vehicle travel in Austin, Texas. Journal of Urban Planning and Development. https://doi.org/10.1061/(ASCE)UP.1943-5444.0000463",Kockelman 2017,Anticipating the Regional Impacts of Connected and Automated Vehicle Travel in Austin Texas,https://doi.org/10.1061/(ASCE)UP.1943-5444.0000463,perimeter_corridor_control_fleet_rebalancing; routing_dta_managed_lane_operation,
89,matched to uploaded coded matrix,"Zhou, W., Chen, D., Yan, J., Li, Z., Yin, H., & Ge, W. (2022). Multi-agent reinforcement learning for cooperative lane changing of connected and autonomous vehicles in mixed traffic. Autonomous Intelligent Systems. https://doi.org/10.1007/s43684-022-00023-5",Zhou 2022,Multi-agent reinforcement learning for cooperative lane changing of connected and autonomous vehicles in mixed traffic,https://doi.org/10.1007/s43684-022-00023-5,integrated_longitudinal_lateral_bottleneck_control,
90,matched to uploaded coded matrix,"Zhu, J., Easa, S., & Gao, K. (2022). Merging control strategies of connected and autonomous vehicles at freeway on-ramps: A comprehensive review. Journal of Intelligent and Connected Vehicles. https://doi.org/10.1108/JICV-02-2022-0005",Jie Zhu 2022,Merging Control Strategies of Connected and Autonomous Vehicles at Freeway On-Ramps: A Comprehensive Review,https://doi.org/10.1108/JICV-02-2022-0005,cooperative_merging_gap_creation_ramp_coordination,Excluded from application-map support if foundational/review-only.
91,matched to uploaded coded matrix,"Zhu, J., Wang, L., Tasic, I., & Qu, X. (2024). Improving freeway merging efficiency via flow-level coordination of connected and autonomous vehicles. IEEE Transactions on Intelligent Transportation Systems. https://doi.org/10.1109/TITS.2023.3346832",Zhu et al. 2024,Improving Freeway Merging Efficiency via Flow-Level Coordination of Connected and Autonomous Vehicles,https://doi.org/10.1109/TITS.2023.3346832,cooperative_merging_gap_creation_ramp_coordination; platooning,
