table,record,field,old_value,new_value,basis
S5,S016 Gunter et al. 2021 | Traffic smoothing / mobile actuator × String instability,full_text_rationale,[Final second-author adjudication: commercial ACC recoded from platooning to traffic smoothing (individual onboard control).],"[Final second-author adjudication: placed in traffic smoothing because the study evaluates whether deployed onboard longitudinal controllers damp or amplify disturbances in the traffic stream, which is the traffic-smoothing function; it does not study platoon formation or coordination.]",Family justified by application objective.
S5,S016 Gunter et al. 2021 | Traffic smoothing / mobile actuator × Stop-and-go waves,full_text_rationale,[Final second-author adjudication: commercial ACC recoded from platooning to traffic smoothing (individual onboard control).],"[Final second-author adjudication: placed in traffic smoothing because the study evaluates whether deployed onboard longitudinal controllers damp or amplify disturbances in the traffic stream, which is the traffic-smoothing function; it does not study platoon formation or coordination.]",Family justified by application objective.
S5,S018 Yuqing Guo 2020 | Integrated longitudinal–lateral bottleneck control × Capacity drop,full_text_rationale,,"[Final QA: ""We assume that all vehicles in our work are CAVs"" (execution type A).]",Rationale clarified; code unchanged.
S5,S018 Yuqing Guo 2020 | Speed harmonization / dynamic headway / bottleneck-inflow regulation × Capacity drop,full_text_rationale,,"[Final QA: ""We assume that all vehicles in our work are CAVs"" (execution type A).]",Rationale clarified; code unchanged.
S5,S021 Yu Han 2021 | Speed harmonization / dynamic headway / bottleneck-inflow regulation × Capacity drop,support_directness,DIRECT,INDIRECT,"[Final QA, execution rule: the capacity-drop evidence comes from the VISSIM experiment with gantry speed limits followed by human drivers (execution type B/C); the 5% CAV micro-VSL experiment reports wave dissipation but no discharge or capacity-drop result, so capacity-drop support is indirect.]"
S5,S021 Yu Han 2021 | Speed harmonization / dynamic headway / bottleneck-inflow regulation × Capacity drop,finding_pattern,consistent_positive,,Pattern is recorded for direct rows only.
S5,S029 K. Kušić 2020 | Speed harmonization / dynamic headway / bottleneck-inflow regulation × Congestion onset / breakdown,support_directness,DIRECT,INDIRECT,"[Final QA, execution rule: the controlled action is executed by infrastructure, not by AVs/CAVs (execution type C), so the relationship gives indirect support only.]"
S5,S029 K. Kušić 2020 | Speed harmonization / dynamic headway / bottleneck-inflow regulation × Congestion onset / breakdown,finding_pattern,mixed,,Pattern is recorded for direct rows only.
S5,S030 Zhibin Li 2017 | Speed harmonization / dynamic headway / bottleneck-inflow regulation × Capacity drop,support_directness,DIRECT,INDIRECT,"[Final QA, execution rule: the controlled action is executed by infrastructure, not by AVs/CAVs (execution type C), so the relationship gives indirect support only.]"
S5,S030 Zhibin Li 2017 | Speed harmonization / dynamic headway / bottleneck-inflow regulation × Capacity drop,finding_pattern,consistent_positive,,Pattern is recorded for direct rows only.
S5,S030 Zhibin Li 2017 | Speed harmonization / dynamic headway / bottleneck-inflow regulation × Congestion onset / breakdown,support_directness,DIRECT,INDIRECT,"[Final QA, execution rule: the controlled action is executed by infrastructure, not by AVs/CAVs (execution type C), so the relationship gives indirect support only.]"
S5,S030 Zhibin Li 2017 | Speed harmonization / dynamic headway / bottleneck-inflow regulation × Congestion onset / breakdown,finding_pattern,consistent_positive,,Pattern is recorded for direct rows only.
S5,S046 Mingfeng Shang 2021 | Traffic smoothing / mobile actuator × String instability,full_text_rationale,[Final second-author adjudication: commercial ACC recoded from platooning to traffic smoothing (individual onboard control).],"[Final second-author adjudication: placed in traffic smoothing because the study evaluates whether deployed onboard longitudinal controllers damp or amplify disturbances in the traffic stream, which is the traffic-smoothing function; it does not study platoon formation or coordination.]",Family justified by application objective.
S5,S046 Mingfeng Shang 2021 | Traffic smoothing / mobile actuator × Congestion onset / breakdown,full_text_rationale,[Final second-author adjudication: commercial ACC recoded from platooning to traffic smoothing (individual onboard control).],"[Final second-author adjudication: placed in traffic smoothing because the study evaluates whether deployed onboard longitudinal controllers damp or amplify disturbances in the traffic stream, which is the traffic-smoothing function; it does not study platoon formation or coordination.]",Family justified by application objective.
S5,S048 Hari Hara Sharan Nagalur Subraveti 2021 | Lane assignment / lane-use control × Capacity drop,support_directness,DIRECT,INDIRECT,"[Final QA, strict capacity-drop rule: mainline demand is set below capacity (λ = 0.9) and throughput is compared with the no-control case; no pre-breakdown reference flow is compared with sustained post-breakdown or queue discharge, so capacity-drop support is indirect.]"
S5,S048 Hari Hara Sharan Nagalur Subraveti 2021 | Lane assignment / lane-use control × Capacity drop,finding_pattern,consistent_positive,,Pattern is recorded for direct rows only.
S5,S060 Yang 2018 | Perimeter / corridor / fleet rebalancing × Queue formation / discharge,support_directness,DIRECT,INDIRECT,"[Final QA, execution rule: the controlled action is executed by infrastructure, not by AVs/CAVs (execution type C), so the relationship gives indirect support only.] Perimeter signals set green ratios; connected vehicles supply queue and accumulation data only."
S5,S060 Yang 2018 | Perimeter / corridor / fleet rebalancing × Queue formation / discharge,finding_pattern,consistent_positive,,Pattern is recorded for direct rows only.
S5,S060 Yang 2018 | Perimeter / corridor / fleet rebalancing × Queue formation / discharge,evidence_role,[D],[M],Propagated from Table S2.
S5,S060 Yang 2018 | Perimeter / corridor / fleet rebalancing × Shifted / redistributed congestion,support_directness,DIRECT,INDIRECT,"[Final QA, execution rule: the controlled action is executed by infrastructure, not by AVs/CAVs (execution type C), so the relationship gives indirect support only.]"
S5,S060 Yang 2018 | Perimeter / corridor / fleet rebalancing × Shifted / redistributed congestion,finding_pattern,consistent_positive,,Pattern is recorded for direct rows only.
S5,S060 Yang 2018 | Perimeter / corridor / fleet rebalancing × Shifted / redistributed congestion,evidence_role,[D],[M],Propagated from Table S2.
S5,S060 Yang 2018 | Perimeter / corridor / fleet rebalancing × Congestion onset / breakdown,evidence_role,[D],[M],Propagated from Table S2.
S5,S068 Kim et al. 2023 | Lane assignment / lane-use control × Capacity drop,full_text_rationale,,"[Final QA: direct support rests on the CAV environment (SAE Level 3+), where oblique cumulative curves show PID lane-change control weakening the drop in discharge below the pre-queue rate (Fig. 12); connected human drivers in the CHV scenarios implement 95.7-98.2% of recommendations.]",Rationale clarified; code unchanged.
S5,S071 Daiquan Xiao 2022 | Speed harmonization / dynamic headway / bottleneck-inflow regulation × Physical spillback,support_directness,DIRECT,INDIRECT,"[Final QA, execution rule: the controlled action is executed by infrastructure, not by AVs/CAVs (execution type C), so the relationship gives indirect support only.] Off-ramp queue overflow onto the mainline is measured, so the mechanism is physical spillback, but the speed limits apply to a human-driven VISSIM fleet with no CAV share."
S5,S071 Daiquan Xiao 2022 | Speed harmonization / dynamic headway / bottleneck-inflow regulation × Physical spillback,finding_pattern,consistent_positive,,Pattern is recorded for direct rows only.
S5,S071 Daiquan Xiao 2022 | Speed harmonization / dynamic headway / bottleneck-inflow regulation × Queue formation / discharge,support_directness,DIRECT,INDIRECT,"[Final QA, execution rule: the controlled action is executed by infrastructure, not by AVs/CAVs (execution type C), so the relationship gives indirect support only.]"
S5,S071 Daiquan Xiao 2022 | Speed harmonization / dynamic headway / bottleneck-inflow regulation × Queue formation / discharge,finding_pattern,consistent_positive,,Pattern is recorded for direct rows only.
S2,Adam 2025,evidence_setting,Network/demand model,Not applicable (review/context study),"Final QA evidence-setting check: review without original empirical evidence; coded ""Not applicable (review/context study)""."
S2,Goñi-Ros et al. 2016,operational_application,Speed harmonization / dynamic headway / bottleneck-inflow regulation,Speed harmonization / dynamic headway / bottleneck-inflow regulation; Traffic smoothing / mobile-actuator control,Final QA: operational_application extended to include the Figure 2 family in which the final audit (Table S5) codes direct support.
S2,Bernat Goñi-Ros 2019,operational_application,Speed harmonization / dynamic headway / bottleneck-inflow regulation; Traffic smoothing / mobile-actuator control,Platooning; Speed harmonization / dynamic headway / bottleneck-inflow regulation; Traffic smoothing / mobile-actuator control,Final QA: operational_application extended to include the Figure 2 family in which the final audit (Table S5) codes direct support.
S2,Hung and Zhang 2022,operational_application,Traffic smoothing / mobile-actuator control,Platooning; Traffic smoothing / mobile-actuator control,Final QA: operational_application extended to include the Figure 2 family in which the final audit (Table S5) codes direct support.
S2,Jinjue Li 2023,evidence_setting,Not clearly specified,Not applicable (review/context study),"Final QA evidence-setting check: review without original empirical evidence; coded ""Not applicable (review/context study)""."
S2,Li 2025,evidence_setting,Not clearly specified,Not applicable (review/context study),"Final QA evidence-setting check: review without original empirical evidence; coded ""Not applicable (review/context study)""."
S2,Yuchen Pan 2024,evidence_setting,Simulation,Not applicable (review/context study),"Final QA evidence-setting check: review without original empirical evidence; coded ""Not applicable (review/context study)""."
S2,Georgia Perraki 2018,operational_application,Speed harmonization / dynamic headway / bottleneck-inflow regulation,Integrated longitudinal–lateral bottleneck control; Speed harmonization / dynamic headway / bottleneck-inflow regulation,Final QA: operational_application extended to include the Figure 2 family in which the final audit (Table S5) codes direct support.
S2,T. T. Phan 2020,citation_key; year,T. T. Phan 2020; 2020,T. T. Phan 2022; 2022,Version-of-record issue year (Crossref/publisher metadata).
S2,Qin and Wang 2021,operational_application,Traffic smoothing / mobile-actuator control,Platooning; Traffic smoothing / mobile-actuator control,Final QA: operational_application extended to include the Figure 2 family in which the final audit (Table S5) codes direct support.
S2,Qin and Wang 2021,citation_key; year,Qin and Wang 2021; 2021,Qin and Wang 2023; 2023,Version-of-record issue year (Crossref/publisher metadata).
S2,C. Roncoli 2015,operational_application,Speed harmonization / dynamic headway / bottleneck-inflow regulation,Integrated longitudinal–lateral bottleneck control; Speed harmonization / dynamic headway / bottleneck-inflow regulation,Final QA: operational_application extended to include the Figure 2 family in which the final audit (Table S5) codes direct support.
S2,S. Shladover 2012,evidence_setting,Simulation; Field experiment,Simulation,"Final QA evidence-setting check: results come from AIMSUN simulation; driver gap choices were taken from an earlier field test reported elsewhere, so no field setting is coded."
S2,Stern et al. 2018,evidence_setting,Test-track experiment; Field experiment,Test-track experiment,"Final QA evidence-setting check: experiments ran on a closed single-lane ring track (260 m) with employee drivers, so the setting is test-track, not field."
S2,Tajdari et al. 2022,operational_application,Integrated longitudinal–lateral bottleneck control,Integrated longitudinal–lateral bottleneck control; Lane assignment / lane-use control,Final QA: operational_application extended to include the Figure 2 family in which the final audit (Table S5) codes direct support.
S2,Talebpour 2016,operational_application,Traffic smoothing / mobile-actuator control,Platooning; Traffic smoothing / mobile-actuator control,Final QA: operational_application extended to include the Figure 2 family in which the final audit (Table S5) codes direct support.
S2,Treiber and Kesting 2012,citation_key; year,Treiber and Kesting 2012; 2012,Treiber and Kesting 2013; 2013,Version-of-record issue year (Crossref/publisher metadata).
S2,Treiber and Kesting 2013,journal_venue,Springer Science & Business Media,Springer,Publisher metadata.
S2,Vishnoi et al. 2024,journal_venue,Journal on Autonomous Transportation Systems,ACM Journal on Autonomous Transportation Systems,Publisher metadata.
S2,Wu 2021,citation_key; year,Wu 2021; 2021,Wu 2022; 2022,Version-of-record issue year (Crossref/publisher metadata).
S2,Yang 2018,review_role,Included as direct evidence,Included as mechanism-supporting evidence,"Final QA execution rule: perimeter signals execute the control and connected vehicles act only as data sources (execution type C), so the study supports a feasible inflow-regulation action [M] rather than AV/CAV-executed control [D]."
S2,Jie Zhu 2022,evidence_setting,Analytical/theoretical,Not applicable (review/context study),"Final QA evidence-setting check: review without original empirical evidence; coded ""Not applicable (review/context study)""."
S2,Treiber and Kesting 2013,doi_or_stable_url,https://books.google.com/books?hl=en&lr=&id=sWiUjVAGTVgC&oi=...,https://doi.org/10.1007/978-3-642-32460-4,Publisher DOI (Springer).
S1,Lee et al. 2025,new record,,"Excluded at eligibility (coverage update, October 2026): deployment-architecture paper; quantification of traffic effects is left to the companion papers (Jang et al., 2025; Wang et al., 2025), so it is covered under the overlap rule.",Targeted coverage check (QA item H).
S1,Jang et al. 2025,new record,,"Retained (coverage update, October 2026) as direct evidence [D]; see Table S2 (M098).",Targeted coverage check (QA item H).
S1,Ciuffo et al. 2021,new record,,"Excluded at eligibility (coverage update, October 2026): production-ACC behaviour evidence already represented by Gunter et al. (2021) and Shang and Stern (2021); no AV/CAV congestion-control action. Full text not reachable.",Targeted coverage check (QA item H).
S1,Knoop et al. 2019,new record,,"Excluded at eligibility (coverage update, October 2026): mechanism evidence at most, with no congestion-control action; already represented by Gunter et al. (2021). Judged on the abstract and metadata page.",Targeted coverage check (QA item H).
S1,Makridis et al. 2021,new record,,"Excluded at eligibility (coverage update, October 2026): dataset paper with no congestion-control result.",Targeted coverage check (QA item H).
S1,Kesting et al. 2008,new record,,"Excluded at eligibility (coverage update, October 2026): the same traffic-adaptive ACC strategy is implemented and evaluated in the retained Kesting et al. (2010).",Targeted coverage check (QA item H).
S1,Han Wang 2025,Row audit notes,,Coverage update (October 2026): reinstated as eligible direct evidence [D] (AV-executed target speeds; simulation and field outcomes). The earlier exclusion had no recorded reason. See Table S2 (M099).,Author decision after QA item H.
S2,Stern et al. 2018,av_cav_decision_lever,Lane-change timing/execution,Desired speed,Full text: the automated vehicle controls longitudinal velocity only (FollowerStopper and PI with saturation); a human driver steers and no lane changes occur.
S2,Stern et al. 2018,design_method,Other / not clearly specified,Rule-based/control law,Full text: FollowerStopper and PI with saturation are explicit control laws.
S2,Vishnoi et al. 2024,facility_context,Not clearly specified,Basic freeway or motorway segment,Full text: an 8 km freeway stretch without ramps and with a reduced-flow bottleneck segment.
S2,Wu 2022,av_cav_decision_lever,Not clearly specified,Acceleration/deceleration; Lane-change timing/execution,"Full text: learned AV policies output accelerations, plus lane changes in the two-lane ring."
S2,Wu 2022,operational_application,Traffic smoothing / mobile-actuator control; Cooperative merging / coordinated gap creation / ramp coordination,Traffic smoothing / mobile-actuator control,Full text: merge networks are listed only as available Flow modules (Appendix A); no merge-control experiment is reported.
S2,Jang et al. 2025,new record,,Included as direct evidence,Added in the October 2026 coverage update after the targeted coverage check (author decision). Meets the [D] rule: AV-executed RL control with simulation and field traffic outcomes. The field analysis compares traffic by distance behind engaged AVs rather than against a counterfactual.
S2,Wang et al. 2025,new record,,Included as direct evidence,Reinstated in the October 2026 coverage update: screened (Tier 1) and excluded in Table S1 with no recorded reason. Meets the [D] rule because the target speeds are executed automatically by AV controllers (execution type A) and simulation and field traffic outcomes are reported.
S5,S072 Cai 2024 | Integrated longitudinal–lateral bottleneck control × Merging turbulence,new relationship,,DIRECT consistent_positive,"Full-text audit (coverage update, October 2026)."
S5,S072 Cai 2024 | Integrated longitudinal–lateral bottleneck control × Queue formation / discharge,new relationship,,INDIRECT,"Full-text audit (coverage update, October 2026)."
S5,S072 Cai 2024 | Integrated longitudinal–lateral bottleneck control × Lane-changing friction,new relationship,,INDIRECT,"Full-text audit (coverage update, October 2026)."
S5,S073 Jang et al. 2025 | Traffic smoothing / mobile actuator × Stop-and-go waves,new relationship,,DIRECT consistent_positive,"Full-text audit (coverage update, October 2026)."
S5,S074 Stern et al. 2018 | Traffic smoothing / mobile actuator × Stop-and-go waves,new relationship,,DIRECT consistent_positive,"Full-text audit (coverage update, October 2026)."
S5,S074 Stern et al. 2018 | Traffic smoothing / mobile actuator × String instability,new relationship,,INDIRECT,"Full-text audit (coverage update, October 2026)."
S5,S075 Vishnoi et al. 2024 | Speed harmonization / dynamic headway / bottleneck-inflow regulation × Queue formation / discharge,new relationship,,DIRECT strongly_conditional,"Full-text audit (coverage update, October 2026)."
S5,S075 Vishnoi et al. 2024 | Speed harmonization / dynamic headway / bottleneck-inflow regulation × Capacity drop,new relationship,,INDIRECT,"Full-text audit (coverage update, October 2026)."
S5,S075 Vishnoi et al. 2024 | Speed harmonization / dynamic headway / bottleneck-inflow regulation × Shifted / redistributed congestion,new relationship,,INDIRECT,"Full-text audit (coverage update, October 2026)."
S5,S076 Wang et al. 2025 | Speed harmonization / dynamic headway / bottleneck-inflow regulation × Stop-and-go waves,new relationship,,DIRECT consistent_positive,"Full-text audit (coverage update, October 2026)."
S5,S076 Wang et al. 2025 | Speed harmonization / dynamic headway / bottleneck-inflow regulation × Congestion onset / breakdown,new relationship,,DIRECT consistent_positive,"Full-text audit (coverage update, October 2026)."
S5,S076 Wang et al. 2025 | Speed harmonization / dynamic headway / bottleneck-inflow regulation × Shifted / redistributed congestion,new relationship,,INDIRECT,"Full-text audit (coverage update, October 2026)."
S5,S077 Wu 2022 | Traffic smoothing / mobile actuator × Stop-and-go waves,new relationship,,DIRECT consistent_positive,"Full-text audit (coverage update, October 2026)."
S5,S077 Wu 2022 | Traffic smoothing / mobile actuator × String instability,new relationship,,INDIRECT,"Full-text audit (coverage update, October 2026)."
S3,flow,counts,260 / 38 / 222 / 125 / 97,266 / 38 / 228 / 129 / 99,Six targeted-coverage records added and verified; Jang et al. (2025) retained; Wang et al. (2025) reinstated.
