Coding dimension,Agreements,Eligible comparisons,Percentage agreement,Disagreements,Adjudication note
Evidence role,19,19,100.0%,0,"No disagreements. Separately, the 11 audit reassessments from [D] to [M] were checked against the full texts (evidence_role_reconciliation.csv): 10 were confirmed as [M] and one was restored to [D]."
Congestion mechanism,9,19,47.4%,10,"Identical sets in 2/19 (10.5%); one set contained in the other in 7; conflicting labels in 10. Non-identical codings adjudicated: 17; lead code kept in 2, second-author code adopted in 3, combined or revised code in 12; 15 final record(s) changed."
AV/CAV decision lever,15,19,78.9%,4,"Identical sets in 8/19 (42.1%); one set contained in the other in 7; conflicting labels in 4. Non-identical codings adjudicated: 11; lead code kept in 0, second-author code adopted in 5, combined or revised code in 6; 11 final record(s) changed."
Design method,13,19,68.4%,6,"Identical sets in 12/19 (63.2%); one set contained in the other in 1; conflicting labels in 6. Non-identical codings adjudicated: 7; lead code kept in 2, second-author code adopted in 5, combined or revised code in 0; 5 final record(s) changed."
Coordination/implementation mode,12,19,63.2%,7,"Identical sets in 10/19 (52.6%); one set contained in the other in 2; conflicting labels in 7. Non-identical codings adjudicated: 9; lead code kept in 0, second-author code adopted in 7, combined or revised code in 2; 9 final record(s) changed."
Operational application,13,19,68.4%,6,"Identical sets in 8/19 (42.1%); one set contained in the other in 5; conflicting labels in 6. Non-identical codings adjudicated: 11; lead code kept in 1, second-author code adopted in 10, combined or revised code in 0; 10 final record(s) changed."
Operating context: facility,11,19,57.9%,8,"Identical sets in 9/19 (47.4%); one set contained in the other in 2; conflicting labels in 8. Non-identical codings adjudicated: 10; lead code kept in 6, second-author code adopted in 2, combined or revised code in 2; 4 final record(s) changed."
Operating context: spatial/system scale,16,19,84.2%,3,"Identical sets in 15/19 (78.9%); one set contained in the other in 1; conflicting labels in 3. Non-identical codings adjudicated: 4; lead code kept in 1, second-author code adopted in 1, combined or revised code in 2; 3 final record(s) changed."
Evidence setting,19,19,100.0%,0,"Identical sets in 12/19 (63.2%); one set contained in the other in 7; conflicting labels in 0. Non-identical codings adjudicated: 7; lead code kept in 3, second-author code adopted in 4, combined or revised code in 0; 4 final record(s) changed."
Figure 2 application family,12,18,66.7%,6,"Identical sets in 8/18 (44.4%); one set contained in the other in 4; conflicting labels in 6. Non-identical codings adjudicated: 10; lead code kept in 4, second-author code adopted in 5, combined or revised code in 1; 6 final record(s) changed."
Figure 2 congestion mechanism,15,18,83.3%,3,"Identical sets in 4/18 (22.2%); one set contained in the other in 11; conflicting labels in 3. Non-identical codings adjudicated: 14; lead code kept in 12, second-author code adopted in 0, combined or revised code in 2; 2 final record(s) changed."
Figure 2 support directness,10,11,90.9%,1,"Non-identical codings adjudicated: 1; lead code kept in 1, second-author code adopted in 0, combined or revised code in 0; 0 final record(s) changed."
Figure 2 finding pattern,6,10,60.0%,4,"Non-identical codings adjudicated: 4; lead code kept in 4, second-author code adopted in 0, combined or revised code in 0; 0 final record(s) changed."
Mixed-traffic and deployment conditions,—,—,Not assessed,—,"Lead-author values are free-text descriptors, not the controlled labels used by the second author, so agreement was not computed."
Congestion metric,—,—,Not assessed,—,"Lead-author values are free-text descriptors, not the controlled labels used by the second author, so agreement was not computed."
Sensitivity – Congestion mechanism,9,14,64.3%,5,5 comparison(s) set aside because the lead coding used a non-codebook label; identical sets in 2/14 (14.3%).
Sensitivity – AV/CAV decision lever,15,17,88.2%,2,2 comparison(s) set aside because the lead coding used a non-codebook label; identical sets in 8/17 (47.1%).
Sensitivity – Coordination/implementation mode,12,14,85.7%,2,5 comparison(s) set aside because the lead coding used a non-codebook label; identical sets in 10/14 (71.4%).
