study_id,citation,dimension,lead_label,classification,treatment,reason,lead_set_compared,Ashkan_set,exact_set_result
M009,Chakraborty et al. (2021),Congestion mechanism,physical spillback represented only indirectly,B,kept verbatim; comparison retained and counted,"Qualified annotation, not a label. Mapping it to ""Physical spillback"" would assert that the study addresses spillback, which the qualifier denies.",Queue formation / discharge; Shifted / redistributed congestion; physical spillback represented only indirectly,Shifted / redistributed congestion; Network congestion distribution,disagreement
M017,Du et al. (2023),Coordination/implementation mode,Individual/onboard or not clearly specified,B,kept verbatim; comparison retained and counted,"Disjunctive placeholder (""X or not specified""). Collapsing it to ""Individual/onboard"" would pick one meaning of an unresolved code.",Individual/onboard or not clearly specified,Infrastructure-assisted V2I/I2V; Centralized,disagreement
M022,Gu et al. (2022),Congestion mechanism,NFD bifurcation,B,kept verbatim; comparison retained and counted,"A network-fundamental-diagram property used as a breakdown indicator; no single final-codebook label is equivalent (onset, network distribution and merging turbulence are all candidates).",Capacity drop; Stop-and-go waves; Network congestion distribution; NFD bifurcation; Turning/merging-induced network instability,Merging turbulence; Shifted / redistributed congestion; Network congestion distribution,disagreement
M022,Gu et al. (2022),Congestion mechanism,Turning/merging-induced network instability,B,kept verbatim; comparison retained and counted,"Compound description spanning merging turbulence, network congestion distribution and onset; not equivalent to any one final label.",Capacity drop; Stop-and-go waves; Network congestion distribution; NFD bifurcation; Turning/merging-induced network instability,Merging turbulence; Shifted / redistributed congestion; Network congestion distribution,disagreement
M058,Ramezani and Ye (2019),Coordination/implementation mode,Individual/onboard or not clearly specified,B,kept verbatim; comparison retained and counted,"Disjunctive placeholder (""X or not specified""). Collapsing it to ""Individual/onboard"" would pick one meaning of an unresolved code.",Individual/onboard or not clearly specified,Centralized,disagreement
M063,Rossi et al. (2018),Coordination/implementation mode,Individual/onboard or not clearly specified,B,kept verbatim; comparison retained and counted,"Disjunctive placeholder (""X or not specified""). Collapsing it to ""Individual/onboard"" would pick one meaning of an unresolved code.",Individual/onboard or not clearly specified,Centralized,disagreement
M064,Shang and Stern (2021),Coordination/implementation mode,Individual/onboard or not clearly specified,B,kept verbatim; comparison retained and counted,"Disjunctive placeholder (""X or not specified""). Collapsing it to ""Individual/onboard"" would pick one meaning of an unresolved code.",Individual/onboard or not clearly specified,Individual/onboard,disagreement
M082,Xiao et al. (2018),Congestion mechanism,flow heterogeneity,B,kept verbatim; comparison retained and counted,No equivalent final-codebook mechanism.,Bottleneck activation / throughput loss; Capacity drop; Merging turbulence; flow heterogeneity,Capacity drop; Queue formation / discharge; Merging turbulence,disagreement
M082,Xiao et al. (2018),AV/CAV decision lever,Not clearly specified,B,kept verbatim; comparison retained and counted,Codebook convention for unresolved coding (General conventions); not equivalent to any decision-lever label.,Not clearly specified,Acceleration/deceleration; Desired time headway/spacing gap,disagreement
M083,Xiao et al. (2020),Congestion mechanism,dedicated-lane underutilization,B,kept verbatim; comparison retained and counted,Describes a cause of lane-level redistribution but is not equivalent wording of a final label.,Bottleneck activation / throughput loss; Lane-changing friction; dedicated-lane underutilization,Queue formation / discharge; Shifted / redistributed congestion; Network congestion distribution,disagreement
M083,Xiao et al. (2020),AV/CAV decision lever,Not clearly specified,B,kept verbatim; comparison retained and counted,Codebook convention for unresolved coding (General conventions); not equivalent to any decision-lever label.,Not clearly specified,Desired time headway/spacing gap; Lane choice; Entry/access/release decision,disagreement
M084,Yan et al. (2025),Congestion mechanism,Queueing/delay,A,normalized to equivalent final-codebook label before comparison,"Old wording of ""Queue formation / discharge"" (""delay"" is an outcome measure, not a separate mechanism); normalized before comparison.",Bottleneck activation / throughput loss; Capacity drop; Queue formation / discharge; Lane-changing friction,Capacity drop; Lane-changing friction; Merging turbulence,disagreement
M084,Yan et al. (2025),Coordination/implementation mode,Individual/onboard or not clearly specified,B,kept verbatim; comparison retained and counted,"Disjunctive placeholder (""X or not specified""). Collapsing it to ""Individual/onboard"" would pick one meaning of an unresolved code.",Individual/onboard or not clearly specified,Individual/onboard; Infrastructure-assisted V2I/I2V; Centralized; Hybrid vehicle–infrastructure,disagreement
