application_family,congestion_mechanism,final_marker,marker_meaning,direct_supporting_study_count,indirect_supporting_study_count,direct_supporting_study_ids,indirect_supporting_study_ids,direct_supporting_citations,indirect_supporting_citations,direct_consistent_positive_count,direct_mixed_count,direct_negative_count,direct_strongly_conditional_count,finding_pattern_summary,direct_evidence_roles,direct_evidence_settings,indirect_evidence_settings,representative_supporting_metrics,cell_rationale,author_review_flag
Traffic smoothing / mobile actuator,Stop-and-go waves,○,limited or mixed direct support,3,4,S008; S013; S028,S016; S036; S055; S056,Shumo Cui 2017; Goñi-Ros et al. 2016; Kreidieh 2018,Gunter et al. 2021; Papacharalampous et al. 2015; Shian Wang 2023; Shian Wang 2022,1,0,1,1,consistent_positive = 1; mixed = 0; negative = 1; strongly_conditional = 1,[D] = 3,analytical/theoretical (1); microsimulation (2); numerical simulation/optimisation (2),field test (1); microsimulation (1); numerical simulation/optimisation (2),"S008: perturbation amplitude along the ring; velocity deviation from equilibrium || S013: speed contour plots || S028: throughput (+13% at 10% CAV), average speed (~2x), space-time wave frequency/magnitude","3 direct studies (analytical/theoretical, numerical simulation/optimisation and microsimulation); findings are not uniformly positive (1 consistent_positive, 1 negative, 1 strongly_conditional). 4 additional studies provide indirect support.",NO
Traffic smoothing / mobile actuator,String instability,○,limited or mixed direct support,5,1,S008; S016; S046; S055; S056,S028,Shumo Cui 2017; Gunter et al. 2021; Mingfeng Shang 2021; Shian Wang 2023; Shian Wang 2022,Kreidieh 2018,1,0,2,2,consistent_positive = 1; mixed = 0; negative = 2; strongly_conditional = 2,[D] = 5,field test (1); analytical/theoretical (4); microsimulation (1); numerical simulation/optimisation (3),microsimulation (1),"S008: linear-stability eigenvalues of ring-road system; minimum stabilizing gain; velocity standard deviation under noise || S016: linear string-stability condition on calibrated ACC models; disturbance amplification (6 mph lead disturbance grows to ~21-25 mph); minimum space gap vs platoon position || S046: linear string-stability criterion (homogeneous and mixed flow, Ward heterogeneous condition) for IDM calibrated to commercial ACC data || S055: average speed variation per vehicle (ASV), speed/spacing profiles, head-to-tail string stability in an 11-vehicle string; theoretical IDM and IDM calibrated to string-unstable commercial ACC data || S056: vehicle speed profiles / head-to-tail string stability; HV fuel (VT-Micro, -0.56% to -1.06%)","5 direct studies (analytical/theoretical, numerical simulation/optimisation, field test and microsimulation); findings are not uniformly positive (1 consistent_positive, 2 negative, 2 strongly_conditional). 1 additional study provides indirect support.",NO
Traffic smoothing / mobile actuator,Congestion onset / breakdown,○,limited or mixed direct support,2,0,S013; S046,,Goñi-Ros et al. 2016; Mingfeng Shang 2021,,1,0,1,0,consistent_positive = 1; mixed = 0; negative = 1; strongly_conditional = 0,[D] = 2,microsimulation (2); numerical simulation/optimisation (1),,"S013: speed contours, onset of congestion at sag end || S046: bottleneck capacity (99th-percentile 30-s flow at merge detector) vs MPR; correlation of capacity with string stability (r = 0.76)","2 direct studies (microsimulation and numerical simulation/optimisation); findings are not uniformly positive (1 consistent_positive, 1 negative). No additional indirect-only studies.",NO
Traffic smoothing / mobile actuator,Capacity drop,○,limited or mixed direct support,1,0,S054,,Wang et al. 2016,,1,0,0,0,consistent_positive = 1; mixed = 0; negative = 0; strongly_conditional = 0,[D] = 1,microsimulation (1),,S054: jam outflow vs inflow (queue discharge) in uncontrolled scenarios with 0-100% CFC vehicles,"1 direct study (microsimulation); support is limited to a single study, coded consistent_positive. No additional indirect-only studies.",NO
Traffic smoothing / mobile actuator,Queue formation / discharge,○,limited or mixed direct support,1,0,S013,,Goñi-Ros et al. 2016,,1,0,0,0,consistent_positive = 1; mixed = 0; negative = 0; strongly_conditional = 0,[D] = 1,microsimulation (1); numerical simulation/optimisation (1),,"S013: sag outflow (up to ~5% higher during induced periods), average vehicle delay (-2% to -11% vs no control; 2-10 points better than basic ACC), speed contours, headways at exit","1 direct study (microsimulation and numerical simulation/optimisation); support is limited to a single study, coded consistent_positive. No additional indirect-only studies.",NO
Traffic smoothing / mobile actuator,Lane-changing friction,—,no substantive relationship identified,0,0,,,,,0,0,0,0,no DIRECT studies,,,,,No study in the final audit codes a DIRECT or INDIRECT relationship for this cell.,NO
Traffic smoothing / mobile actuator,Merging turbulence,—,no substantive relationship identified,0,0,,,,,0,0,0,0,no DIRECT studies,,,,,No study in the final audit codes a DIRECT or INDIRECT relationship for this cell.,NO
Traffic smoothing / mobile actuator,Physical spillback,—,no substantive relationship identified,0,0,,,,,0,0,0,0,no DIRECT studies,,,,,No study in the final audit codes a DIRECT or INDIRECT relationship for this cell.,NO
Traffic smoothing / mobile actuator,Shifted / redistributed congestion,—,no substantive relationship identified,0,0,,,,,0,0,0,0,no DIRECT studies,,,,,No study in the final audit codes a DIRECT or INDIRECT relationship for this cell.,NO
Speed harmonization / dynamic headway / bottleneck-inflow regulation,Stop-and-go waves,○,limited or mixed direct support,5,3,S012; S014; S021; S024; S054,S003; S017; S027,A. Ghiasi 2019; Bernat Goñi-Ros 2019; Yu Han 2021; Chengying Hua 2023; Wang et al. 2016,An et al. 2023; Guo et al. 2022; Ko et al. 2020,3,2,0,0,consistent_positive = 3; mixed = 2; negative = 0; strongly_conditional = 0,[D] = 5,microsimulation (5); numerical simulation/optimisation (1),analytical/theoretical (1); microsimulation (2),"S012: speed standard deviation, throughput, fuel (VT-Micro), inverse-TTC surrogate safety vs uncontrolled human benchmark; sensitivity to demand, CV/CAV penetration, sensor layout, detection error || S014: speed-contour plots (median lane, 30% penetration) || S021: speed/flow contour plots, total time spent (-7.3% infrastructure VSL in VISSIM; -9.0% to -10.3% hierarchical CAV-actuated VSL over 10 runs) || S024: lane-by-lane spatiotemporal speed heatmaps || S054: total time spent (>80 veh-h less than uncontrolled all-human; >30 veh-h less than VSL with all-human), number of detected/resolved/new jams, fuel","5 direct studies (microsimulation and numerical simulation/optimisation); findings are not uniformly positive (3 consistent_positive, 2 mixed). 3 additional studies provide indirect support.",NO
Speed harmonization / dynamic headway / bottleneck-inflow regulation,String instability,□,indirect influence only,0,1,,S054,,Wang et al. 2016,0,0,0,0,no DIRECT studies,,,microsimulation (1),,"No direct evidence. 1 study provides indirect support only (the relationship is argued, attributed or inferred but not directly measured as coded).",NO
Speed harmonization / dynamic headway / bottleneck-inflow regulation,Congestion onset / breakdown,○,limited or mixed direct support,12,1,S003; S010; S011; S014; S019; S020; S024; S029; S030; S032; S043; S066,S017,An et al. 2023; Yu Du 2023; Elmorshedy et al. 2023; Bernat Goñi-Ros 2019; Ha et al. 2025; Youngjun Han 2020; Chengying Hua 2023; K. Kušić 2020; Zhibin Li 2017; Wenqi Lu 2024; C. Roncoli 2019; Kesting et al. 2010,Guo et al. 2022,9,1,0,2,consistent_positive = 9; mixed = 1; negative = 0; strongly_conditional = 2,[D] = 10; [M] = 2,analytical/theoretical (2); microsimulation (10); macroscopic simulation (1); numerical simulation/optimisation (1),microsimulation (1),"S003: bottleneck flow rate (+6%); space-time density at merge; cumulative delay (~5% lower) || S010: density, speed, flow and delay in RoI and whole network by penetration (Table 2, Fig. 16); density contours (Fig. 12) || S011: flow-density diagram of merge bottleneck (free-flow vs congested regime), total/freeway/ramp delay, cumulative bottleneck flow, network throughput || S014: average travel time and delay vs penetration; breakdown at higher flow noted from contours || S019: time-space mean speed and speed-SD heatmaps; average bottleneck outflow vs car-following (all-HDV), naive VSL and decision-tree VSL across inflows || S020: breakdown probability (Kaplan-Meier on breakdown flow), breakdown flow rate, discharge rate (+20.5% CAV), average delay (-93.6% CAV) || S024: mean travel time (-4.5% to -5.2% vs no control), emergency decelerations, emissions || S029: bottleneck-section density (-18%), speed (+7.3%), TTS in controlled sections (-9.7%), whole-network TTS || S030: congestion duration, bottleneck speed/density time series, system travel time || S032: bottleneck mean travel speed and TTT, LVSL alone vs no control || S043: TTS (-39.5% vs no control; -12.1% for RM+VSL only), segment speed profiles, ramp queue || S066: cumulative distribution of maximum free flow before breakdown (1000 runs), maximum free flow vs ACC share (+~7% at 20%, +16-21% at 50%)","12 direct studies (analytical/theoretical, microsimulation, numerical simulation/optimisation and macroscopic simulation); findings are not uniformly positive (9 consistent_positive, 1 mixed, 2 strongly_conditional). 1 additional study provides indirect support.",NO
Speed harmonization / dynamic headway / bottleneck-inflow regulation,Capacity drop,○,limited or mixed direct support,6,5,S007; S018; S021; S030; S052; S053,S003; S011; S020; S043; S066,Sungyong Chung 2024; Yuqing Guo 2020; Yu Han 2021; Zhibin Li 2017; Eugene Vinitsky 2023; Eugene Vinitsky 2018,An et al. 2023; Elmorshedy et al. 2023; Youngjun Han 2020; C. Roncoli 2019; Kesting et al. 2010,4,0,0,2,consistent_positive = 4; mixed = 0; negative = 0; strongly_conditional = 2,[D] = 5; [M] = 1,microsimulation (4); macroscopic simulation (1); simulation (type not specified) (1),analytical/theoretical (1); microsimulation (3); macroscopic simulation (1),"S007: bottleneck throughput time series (no control drops after ~10 min; control holds ~4000 veh/h), occupancy vs target, travel time (-57% to -61% demand 3), delay || S018: average discharge flow and TTS for VSL-only benchmark vs no control || S021: free-flow capacity (~2,000 veh/h/lane) vs jam discharge (~1,600 veh/h/lane, 20% drop); downstream flow contours with/without control || S030: bottleneck discharge flow with/without drop; system total travel time (-49.3% stable, -21.8% fluctuating demand) || S052: inflow-outflow curves (uncontrolled outflow falls to ~1,550 veh/h once congested above ~2,500 veh/h inflow); controlled outflow at 3,500 veh/h inflow (1,803-2,034 veh/h by penetration and sensing); vs ALINEA and hand-tuned feedback AV controller || S053: inflow-outflow curves: uncontrolled outflow falls from a maximum of ~1,600 to a congested equilibrium of ~800 veh/h; AV-controlled outflow ~1,000 veh/h (+~200 veh/h, 25%, at high inflow); vs feedback ramp metering","6 direct studies (microsimulation, simulation (type not specified) and macroscopic simulation); findings are not uniformly positive (4 consistent_positive, 2 strongly_conditional). 5 additional studies provide indirect support.",NO
Speed harmonization / dynamic headway / bottleneck-inflow regulation,Queue formation / discharge,○,limited or mixed direct support,7,1,S007; S010; S014; S027; S036; S066; S071,S012,Sungyong Chung 2024; Yu Du 2023; Bernat Goñi-Ros 2019; Ko et al. 2020; Papacharalampous et al. 2015; Kesting et al. 2010; Daiquan Xiao 2022,A. Ghiasi 2019,6,1,0,0,consistent_positive = 6; mixed = 1; negative = 0; strongly_conditional = 0,[D] = 6; [M] = 1,microsimulation (7),microsimulation (1); numerical simulation/optimisation (1),"S007: queue clearance time (90 vs 56 min), density heatmaps, number of stops || S010: queue length and stop time in the region of interest (Fig. 10e-f); delay || S014: mean average vehicle delay (TSA-ACC -26% to -63% by penetration vs no control; 8-13 points better than basic ACC at 10-50%), maximum queue length, speed contours || S027: bottleneck throughput and fuel, MC+SH vs MC only || S036: total travel time savings vs no control (ACC 10.0, CACC 10.4, TSA-ACC 18 veh-min for 200 vehicles); headways downstream of the sag; strategy decomposition || S066: dynamic capacity (jam outflow) vs ACC share (+12-16% at 50%) || S071: off-ramp queue length and time of maximum/dispersal","7 direct studies (microsimulation); findings are not uniformly positive (6 consistent_positive, 1 mixed). 1 additional study provides indirect support.",NO
Speed harmonization / dynamic headway / bottleneck-inflow regulation,Lane-changing friction,○,limited or mixed direct support,1,1,S010,S052,Yu Du 2023,Eugene Vinitsky 2023,0,1,0,0,consistent_positive = 0; mixed = 1; negative = 0; strongly_conditional = 0,[D] = 1,microsimulation (1),microsimulation (1),S010: lane-change location and speed distributions; lane-level density/flow; number of lane changes,"1 direct study (microsimulation); support is limited to a single study, coded mixed. 1 additional study provides indirect support.",NO
Speed harmonization / dynamic headway / bottleneck-inflow regulation,Merging turbulence,○,limited or mixed direct support,1,1,S035,S029,Pan et al. 2021,K. Kušić 2020,0,1,0,0,consistent_positive = 0; mixed = 1; negative = 0; strongly_conditional = 0,[D] = 1,macroscopic simulation (1),microsimulation (1),S035: speed heat maps and travel cost with vs without ramp metering; ramp-metering improvement rate vs CAV share,"1 direct study (macroscopic simulation); support is limited to a single study, coded mixed. 1 additional study provides indirect support.",NO
Speed harmonization / dynamic headway / bottleneck-inflow regulation,Physical spillback,○,limited or mixed direct support,1,2,S071,S009; S010,Daiquan Xiao 2022,Daganzo 2002; Yu Du 2023,1,0,0,0,consistent_positive = 1; mixed = 0; negative = 0; strongly_conditional = 0,[M] = 1,microsimulation (1),microsimulation (1); conceptual/strategy report (1),"S071: off-ramp queue length, mainline travel-time peaks caused by off-ramp queue overflow, total travel time (-32.8%), delay","1 direct study (microsimulation); support is limited to a single study, coded consistent_positive. 2 additional studies provide indirect support.",NO
Speed harmonization / dynamic headway / bottleneck-inflow regulation,Shifted / redistributed congestion,○,limited or mixed direct support,1,2,S011,S019; S037,Elmorshedy et al. 2023,Ha et al. 2025; Georgia Perraki 2018,0,1,0,0,consistent_positive = 0; mixed = 1; negative = 0; strongly_conditional = 0,[D] = 1,microsimulation (1),microsimulation (2),S011: ramp delay vs freeway delay by control scenario,"1 direct study (microsimulation); support is limited to a single study, coded mixed. 2 additional studies provide indirect support.",NO
Lane assignment / lane-use control,Stop-and-go waves,—,no substantive relationship identified,0,0,,,,,0,0,0,0,no DIRECT studies,,,,,No study in the final audit codes a DIRECT or INDIRECT relationship for this cell.,NO
Lane assignment / lane-use control,String instability,—,no substantive relationship identified,0,0,,,,,0,0,0,0,no DIRECT studies,,,,,No study in the final audit codes a DIRECT or INDIRECT relationship for this cell.,NO
Lane assignment / lane-use control,Congestion onset / breakdown,○,limited or mixed direct support,3,0,S041; S068; S070,,M. Ramezani 2019; Kim et al. 2023; Tajdari et al. 2022,,2,0,0,1,consistent_positive = 2; mixed = 0; negative = 0; strongly_conditional = 1,[D] = 3,microsimulation (2); macroscopic simulation (1),,"S041: total travel time; density contours (onset timing/severity); TTT vs AV penetration and demand || S068: inner-lane density time series (onset delayed ~30 min), congestion duration in real-world network || S070: TTS (-26.6% at full compliance; -18% with off-ramp), per-lane density contours, on-ramp queue, vs no control and ALINEA","3 direct studies (microsimulation and macroscopic simulation); findings are not uniformly positive (2 consistent_positive, 1 strongly_conditional). No additional indirect-only studies.",NO
Lane assignment / lane-use control,Capacity drop,●,"repeated, broadly consistent direct support",2,2,S048; S068,S041; S070,Hari Hara Sharan Nagalur Subraveti 2021; Kim et al. 2023,M. Ramezani 2019; Tajdari et al. 2022,2,0,0,0,consistent_positive = 2; mixed = 0; negative = 0; strongly_conditional = 0,[D] = 2,microsimulation (1); numerical simulation/optimisation (1),microsimulation (1); macroscopic simulation (1),"S048: diverge throughput relative to lane-capacity sum (loss avoided) || S068: oblique cumulative counts (discharge-rate reduction at merge and upstream stations), bottleneck discharge flow, average travel time (-40% to -49% at demand 3), lane-flow imbalance","2 direct studies (numerical simulation/optimisation and microsimulation), all coded consistent_positive under the tested conditions; support is repeated and broadly consistent. 2 additional studies provide indirect support.",NO
Lane assignment / lane-use control,Queue formation / discharge,●,"repeated, broadly consistent direct support",2,0,S041; S061,,M. Ramezani 2019; Yuanxiang Yang 2025,,2,0,0,0,consistent_positive = 2; mixed = 0; negative = 0; strongly_conditional = 0,[D] = 2,microsimulation (2),,S041: on-ramp queue length (vehicles) || S061: interrupted trips (speeds <0.1 m/s) as proxy for lane-3 queue length; density contours,"2 direct studies (microsimulation), all coded consistent_positive under the tested conditions; support is repeated and broadly consistent. No additional indirect-only studies.",NO
Lane assignment / lane-use control,Lane-changing friction,●,"repeated, broadly consistent direct support",3,4,S048; S061; S068,S009; S032; S063; S070,Hari Hara Sharan Nagalur Subraveti 2021; Yuanxiang Yang 2025; Kim et al. 2023,Daganzo 2002; Wenqi Lu 2024; Zhou 2022; Tajdari et al. 2022,3,0,0,0,consistent_positive = 3; mixed = 0; negative = 0; strongly_conditional = 0,[D] = 3,analytical/theoretical (1); microsimulation (2); numerical simulation/optimisation (1),microsimulation (1); macroscopic simulation (1); conceptual/strategy report (1); simulation (type not specified) (1),"S048: bottleneck throughput vs maximum possible outflow (no-control loss 8.3% high exit / 1.7% low exit), lane-wise throughput, cumulative curves, trajectory voids in capacity-impact zone || S061: per-lane density contours, completed trips (throughput proxy), average time loss, interrupted trips (queue at lane end), flow-density at bottleneck segment; 50 replications, vs no control || S068: lane-change insertion-speed CDF, number and spatial distribution of lane changes, implementation rate: PID vs non-feedback vs no control","3 direct studies (analytical/theoretical, numerical simulation/optimisation and microsimulation), all coded consistent_positive under the tested conditions; support is repeated and broadly consistent. 4 additional studies provide indirect support.",NO
Lane assignment / lane-use control,Merging turbulence,○,limited or mixed direct support,1,1,S048,S041,Hari Hara Sharan Nagalur Subraveti 2021,M. Ramezani 2019,0,0,0,1,consistent_positive = 0; mixed = 0; negative = 0; strongly_conditional = 1,[D] = 1,numerical simulation/optimisation (1),microsimulation (1),S048: weave throughput under strategies WS1/WS2 across merge/diverge demand and penetration,"1 direct study (numerical simulation/optimisation); support is limited to a single study, coded strongly_conditional. 1 additional study provides indirect support.",NO
Lane assignment / lane-use control,Physical spillback,□,indirect influence only,0,1,,S009,,Daganzo 2002,0,0,0,0,no DIRECT studies,,,conceptual/strategy report (1),,"No direct evidence. 1 study provides indirect support only (the relationship is argued, attributed or inferred but not directly measured as coded).",NO
Lane assignment / lane-use control,Shifted / redistributed congestion,—,no substantive relationship identified,0,0,,,,,0,0,0,0,no DIRECT studies,,,,,No study in the final audit codes a DIRECT or INDIRECT relationship for this cell.,NO
Cooperative merging / coordinated gap creation / ramp coordination,Stop-and-go waves,○,limited or mixed direct support,1,3,S015,S004; S033; S042,Ziyuan Gu 2022,Yu Bai 2022; S. Nakka 2022; Rios-Torres and Malikopoulos 2017,1,0,0,0,consistent_positive = 1; mixed = 0; negative = 0; strongly_conditional = 0,[D] = 1,microsimulation (1),numerical simulation/optimisation (2); simulation (type not specified) (1),S015: vehicle trajectories on a merge approach (Fig. 8),"1 direct study (microsimulation); support is limited to a single study, coded consistent_positive. 3 additional studies provide indirect support.",NO
Cooperative merging / coordinated gap creation / ramp coordination,String instability,—,no substantive relationship identified,0,0,,,,,0,0,0,0,no DIRECT studies,,,,,No study in the final audit codes a DIRECT or INDIRECT relationship for this cell.,NO
Cooperative merging / coordinated gap creation / ramp coordination,Congestion onset / breakdown,○,limited or mixed direct support,2,2,S015; S064,S006; S022,Ziyuan Gu 2022; Zhu et al. 2024,Jieming Chen 2024; Kangning Hou 2023,1,0,0,1,consistent_positive = 1; mixed = 0; negative = 0; strongly_conditional = 1,[D] = 2,microsimulation (2),analytical/theoretical (1); microsimulation (1),"S015: location of simulated NFD bifurcation point on the phase diagram; motorway NFD (1,250 vs 1,500 veh/h maximum observed flow) || S064: cross-section speed contours (onset of congestion)","2 direct studies (microsimulation); findings are not uniformly positive (1 consistent_positive, 1 strongly_conditional). 2 additional studies provide indirect support.",NO
Cooperative merging / coordinated gap creation / ramp coordination,Capacity drop,○,limited or mixed direct support,1,3,S005,S001; S015; S064,Danjue Chen 2021,Majeed Algomaiah 2022; Ziyuan Gu 2022; Zhu et al. 2024,0,0,0,1,consistent_positive = 0; mixed = 0; negative = 0; strongly_conditional = 1,[D] = 1,analytical/theoretical (1),microsimulation (3),"S005: bottleneck discharge flow vs full capacity C0 (unutilized capacity) against baseline bounds B1, B2, B2-prime","1 direct study (analytical/theoretical); support is limited to a single study, coded strongly_conditional. 3 additional studies provide indirect support.",NO
Cooperative merging / coordinated gap creation / ramp coordination,Queue formation / discharge,○,limited or mixed direct support,1,0,S001,,Majeed Algomaiah 2022,,1,0,0,0,consistent_positive = 1; mixed = 0; negative = 0; strongly_conditional = 0,[D] = 1,microsimulation (1),,"S001: queue length from taper, stops in time-space diagrams","1 direct study (microsimulation); support is limited to a single study, coded consistent_positive. No additional indirect-only studies.",NO
Cooperative merging / coordinated gap creation / ramp coordination,Lane-changing friction,○,limited or mixed direct support,4,1,S001; S004; S007; S027,S031,Majeed Algomaiah 2022; Yu Bai 2022; Sungyong Chung 2024; Ko et al. 2020,Lin Liu 2024,2,0,0,2,consistent_positive = 2; mixed = 0; negative = 0; strongly_conditional = 2,[D] = 4,microsimulation (3); numerical simulation/optimisation (1),microsimulation (1),"S001: work-zone capacity = maximum observed throughput (traditional 1,526; decentralized CV 1,781 (+17%); centralized CAV 2,209 veh/h (+45%)), delay, queue length, lane-change duration, open/closed lane speed and headway differences || S004: maximum speed reduction of tail vehicles (oscillation reduction 2.7-28% vs IDM human baseline); vs cooperative lane-changing (CLC) planner || S007: share of mandatory lane changes accepted with lag/lead gap <0.5 s, conflicts (SSAM), stops, travel time: combined vs inflow control || S027: bottleneck throughput (veh/h) and fuel vs base case, late merge, FIFO; trajectories","4 direct studies (microsimulation and numerical simulation/optimisation); findings are not uniformly positive (2 consistent_positive, 2 strongly_conditional). 1 additional study provides indirect support.",NO
Cooperative merging / coordinated gap creation / ramp coordination,Merging turbulence,○,limited or mixed direct support,8,3,S005; S006; S015; S017; S022; S023; S042; S064,S026; S031; S033,Danjue Chen 2021; Jieming Chen 2024; Ziyuan Gu 2022; Guo et al. 2022; Kangning Hou 2023; Hu 2019; Rios-Torres and Malikopoulos 2017; Zhu et al. 2024,M. Karimi 2020; Lin Liu 2024; S. Nakka 2022,0,0,0,8,consistent_positive = 0; mixed = 0; negative = 0; strongly_conditional = 8,[D] = 8,analytical/theoretical (4); microsimulation (5); numerical simulation/optimisation (1),microsimulation (1); numerical simulation/optimisation (1); simulation (type not specified) (1),"S005: unutilized capacity (void per lane change); valid control domain vs CAV penetration p and mainline flow ratio || S006: total travel delay (mainline/on-ramp) vs VROCP, FTOCP, MCTS-DA; mainline speed contour/speed variation || S015: scatter of simulated FDs/NFDs; maximum network flow near critical density || S017: managed-lane throughput and average delay with vs without cooperative merge; reduction from CACC pipeline capacity || S022: Edie average flow and speed of merge bottleneck and mainline vs 0% CAV and vs SUMO LC2013; merge location/speed from trajectories || S023: total delay, average speed, downstream lane-imbalance factor: cooperative merging only (Case 1) vs no control (Case 0), 4 demand levels x 3 splits || S042: total travel time (-7.1%, -13.5%) and fuel (-52.7%, -48.1%) vs stop-controlled ramp baseline; trajectories || S064: mainline and ramp travel time and delay; trajectory plots","8 direct studies (analytical/theoretical, microsimulation and numerical simulation/optimisation); findings are not uniformly positive (8 strongly_conditional). 3 additional studies provide indirect support.",NO
Cooperative merging / coordinated gap creation / ramp coordination,Physical spillback,—,no substantive relationship identified,0,0,,,,,0,0,0,0,no DIRECT studies,,,,,No study in the final audit codes a DIRECT or INDIRECT relationship for this cell.,NO
Cooperative merging / coordinated gap creation / ramp coordination,Shifted / redistributed congestion,—,no substantive relationship identified,0,0,,,,,0,0,0,0,no DIRECT studies,,,,,No study in the final audit codes a DIRECT or INDIRECT relationship for this cell.,NO
Integrated longitudinal–lateral bottleneck control,Stop-and-go waves,□,indirect influence only,0,1,,S002,,Gihyeob An 2019,0,0,0,0,no DIRECT studies,,,analytical/theoretical (1),,"No direct evidence. 1 study provides indirect support only (the relationship is argued, attributed or inferred but not directly measured as coded).",NO
Integrated longitudinal–lateral bottleneck control,String instability,—,no substantive relationship identified,0,0,,,,,0,0,0,0,no DIRECT studies,,,,,No study in the final audit codes a DIRECT or INDIRECT relationship for this cell.,NO
Integrated longitudinal–lateral bottleneck control,Congestion onset / breakdown,○,limited or mixed direct support,2,1,S035; S044,S032,Pan et al. 2021; C. Roncoli 2015,Wenqi Lu 2024,1,0,0,1,consistent_positive = 1; mixed = 0; negative = 0; strongly_conditional = 1,[D] = 2,microsimulation (1); macroscopic simulation (1),microsimulation (1),"S035: average monetised travel cost per vehicle (delay + fuel + emissions; -17.7%, -29.7%, -40% at 0%, 33%, 67% CAV), spatial-temporal speed heat maps || S044: total time spent (TTS, mean of 10 replications) vs no control for 3 penetration rates x 3 ACC headways (Table 1); lane-level speed contours (Figs. 4, 6)","2 direct studies (macroscopic simulation and microsimulation); findings are not uniformly positive (1 consistent_positive, 1 strongly_conditional). 1 additional study provides indirect support.",NO
Integrated longitudinal–lateral bottleneck control,Capacity drop,○,limited or mixed direct support,3,2,S018; S037; S059,S035; S044,Yuqing Guo 2020; Georgia Perraki 2018; Longhao Yan 2025,Pan et al. 2021; C. Roncoli 2015,2,0,0,1,consistent_positive = 2; mixed = 0; negative = 0; strongly_conditional = 1,[D] = 3,microsimulation (2); macroscopic simulation (1),microsimulation (1); macroscopic simulation (1),"S018: bottleneck discharge flow vs ideal one-lane capacity (1270 vs 2300 PCE/h uncontrolled; ~2228 with control); upstream flow-density FD; TTS || S037: aggregate flow downstream of bottleneck vs no control (closer to nominal capacity), TTS (-18.5%, -17.4%, -13.9% at 100/50/20% equipped; -16.4/-15.9/-7.9% without ramp metering), TTS SD; calibrated model reproduces field capacity drop || S059: queuing diagrams vs virtual departure curve (capacity-drop magnitude); capacity by penetration (Fig. 10); throughput up to +12.6%","3 direct studies (macroscopic simulation and microsimulation); findings are not uniformly positive (2 consistent_positive, 1 strongly_conditional). 2 additional studies provide indirect support.",NO
Integrated longitudinal–lateral bottleneck control,Queue formation / discharge,○,limited or mixed direct support,1,2,S049,S018; S039,Mehrdad Tajalli 2022,Yuqing Guo 2020; T. T. Phan 2020,1,0,0,0,consistent_positive = 1; mixed = 0; negative = 0; strongly_conditional = 0,[D] = 1,numerical simulation/optimisation (1),numerical simulation/optimisation (1); simulation (type not specified) (1),"S049: number of stops (zero under control vs up to ~3,500 in comparator), spatial speed distribution near the drop","1 direct study (numerical simulation/optimisation); support is limited to a single study, coded consistent_positive. 2 additional studies provide indirect support.",NO
Integrated longitudinal–lateral bottleneck control,Lane-changing friction,●,"repeated, broadly consistent direct support",6,3,S002; S018; S039; S049; S059; S061,S023; S035; S037,Gihyeob An 2019; Yuqing Guo 2020; T. T. Phan 2020; Mehrdad Tajalli 2022; Longhao Yan 2025; Yuanxiang Yang 2025,Hu 2019; Pan et al. 2021; Georgia Perraki 2018,6,0,0,0,consistent_positive = 6; mixed = 0; negative = 0; strongly_conditional = 0,[D] = 6,analytical/theoretical (1); microsimulation (2); macroscopic simulation (1); numerical simulation/optimisation (2),microsimulation (2); macroscopic simulation (1),"S002: total deceleration effort and speed deviation of impacted follower; jerk || S018: TTS and bottleneck flow vs VSL-only (no lane-change control); spatial distribution of lane-change proportions || S039: average travel time; number of stopping vehicles; average speed of lane-changing AVs; efficiency relative to minimum-time lower bound || S049: average travel time (0% to -86.4%), throughput (+3% to +134%), stops, TTC near-crash counts vs VISSIM ""all-knowing"" CAV behaviour; trajectories on lane adjacent to the drop || S059: space-mean speed (up to +50.6%), average delay (up to -65.7%), throughput; TTC and jerk || S061: completed trips and time loss: integrated framework vs macroscopic controller with random lane-changer selection","6 direct studies (analytical/theoretical, macroscopic simulation, numerical simulation/optimisation and microsimulation), all coded consistent_positive under the tested conditions; support is repeated and broadly consistent. 3 additional studies provide indirect support.",NO
Integrated longitudinal–lateral bottleneck control,Merging turbulence,○,limited or mixed direct support,1,1,S023,S044,Hu 2019,C. Roncoli 2015,1,0,0,0,consistent_positive = 1; mixed = 0; negative = 0; strongly_conditional = 0,[D] = 1,microsimulation (1),microsimulation (1),"S023: total delay (-25% to -82% vs merging-only control), average speed, lane-imbalance factor, trajectories","1 direct study (microsimulation); support is limited to a single study, coded consistent_positive. 1 additional study provides indirect support.",NO
Integrated longitudinal–lateral bottleneck control,Physical spillback,—,no substantive relationship identified,0,0,,,,,0,0,0,0,no DIRECT studies,,,,,No study in the final audit codes a DIRECT or INDIRECT relationship for this cell.,NO
Integrated longitudinal–lateral bottleneck control,Shifted / redistributed congestion,—,no substantive relationship identified,0,0,,,,,0,0,0,0,no DIRECT studies,,,,,No study in the final audit codes a DIRECT or INDIRECT relationship for this cell.,NO
Platooning,Stop-and-go waves,○,limited or mixed direct support,2,0,S014; S051,,Bernat Goñi-Ros 2019; Van Arem 2006,,1,0,0,1,consistent_positive = 1; mixed = 0; negative = 0; strongly_conditional = 1,[D] = 2,microsimulation (2),,S014: speed-contour plots; delay (C-ACC -19% to -64%) || S051: number of shockwaves (>=3 vehicles decelerating hard within 50 m and 3 s) before and after the lane drop,"2 direct studies (microsimulation); findings are not uniformly positive (1 consistent_positive, 1 strongly_conditional). No additional indirect-only studies.",NO
Platooning,String instability,○,limited or mixed direct support,4,2,S025; S034; S040; S050,S014; S051,Hung and Zhang 2022; Sinan Öncü 2014; Qin and Wang 2021; Talebpour 2016,Bernat Goñi-Ros 2019; Van Arem 2006,0,0,0,4,consistent_positive = 0; mixed = 0; negative = 0; strongly_conditional = 4,[D] = 2; [M] = 2,test track (1); analytical/theoretical (4); microsimulation (1); numerical simulation/optimisation (2),microsimulation (2),"S025: transfer-function string-stability conditions (homogeneous CACC); Ward stability function and critical speed for mixed HDV/CV/AV/CAV traffic by penetration || S034: string-stability frequency response (FRF) gain vs time headway and communication delay; experimental FRF estimates || S040: analytical string-stability criteria (homogeneous, mixed, local CACC/ACC platoon) vs CACC penetration and time gaps; numerical speed responses || S050: Ward linear string-stability criterion and critical speed vs CV/AV penetration; simulated stable/oscillatory/collision regime thresholds vs reaction time and platoon size","4 direct studies (analytical/theoretical, numerical simulation/optimisation, test track and microsimulation); findings are not uniformly positive (4 strongly_conditional). 2 additional studies provide indirect support.",NO
Platooning,Congestion onset / breakdown,○,limited or mixed direct support,1,2,S050,S017; S047,Talebpour 2016,Guo et al. 2022; S. Shladover 2012,0,0,0,1,consistent_positive = 0; mixed = 0; negative = 0; strongly_conditional = 1,[D] = 1,microsimulation (1),microsimulation (2),S050: fundamental-diagram scatter and breakdown flow / maximum throughput vs CV/AV shares at a one-lane on-ramp merge,"1 direct study (microsimulation); support is limited to a single study, coded strongly_conditional. 2 additional studies provide indirect support.",NO
Platooning,Capacity drop,○,limited or mixed direct support,1,0,S057,,Lin Xiao 2018,,0,0,1,0,consistent_positive = 0; mixed = 0; negative = 1; strongly_conditional = 0,[D] = 1,microsimulation (1),,S057: free-flow merging capacity vs queue discharge rate at each CACC MPR; capacity drop % (Table 3),"1 direct study (microsimulation); support is limited to a single study, coded negative. No additional indirect-only studies.",NO
Platooning,Queue formation / discharge,○,limited or mixed direct support,1,0,S057,,Lin Xiao 2018,,1,0,0,0,consistent_positive = 1; mixed = 0; negative = 0; strongly_conditional = 0,[D] = 1,microsimulation (1),,S057: queue discharge rate (veh/h/lane) by MPR,"1 direct study (microsimulation); support is limited to a single study, coded consistent_positive. No additional indirect-only studies.",NO
Platooning,Lane-changing friction,—,no substantive relationship identified,0,0,,,,,0,0,0,0,no DIRECT studies,,,,,No study in the final audit codes a DIRECT or INDIRECT relationship for this cell.,NO
Platooning,Merging turbulence,○,limited or mixed direct support,2,0,S051; S057,,Van Arem 2006; Lin Xiao 2018,,0,1,1,0,consistent_positive = 0; mixed = 1; negative = 1; strongly_conditional = 0,[D] = 2,microsimulation (2),,S051: number of vehicles failing to merge at the lane drop (removed from simulation) || S057: merging capacity vs pipeline capacity; CACC operation and deactivation ratios at the merge,"2 direct studies (microsimulation); findings are not uniformly positive (1 mixed, 1 negative). No additional indirect-only studies.",NO
Platooning,Physical spillback,—,no substantive relationship identified,0,0,,,,,0,0,0,0,no DIRECT studies,,,,,No study in the final audit codes a DIRECT or INDIRECT relationship for this cell.,NO
Platooning,Shifted / redistributed congestion,—,no substantive relationship identified,0,0,,,,,0,0,0,0,no DIRECT studies,,,,,No study in the final audit codes a DIRECT or INDIRECT relationship for this cell.,NO
Routing / dynamic traffic assignment / managed-lane operation,Stop-and-go waves,—,no substantive relationship identified,0,0,,,,,0,0,0,0,no DIRECT studies,,,,,No study in the final audit codes a DIRECT or INDIRECT relationship for this cell.,NO
Routing / dynamic traffic assignment / managed-lane operation,String instability,—,no substantive relationship identified,0,0,,,,,0,0,0,0,no DIRECT studies,,,,,No study in the final audit codes a DIRECT or INDIRECT relationship for this cell.,NO
Routing / dynamic traffic assignment / managed-lane operation,Congestion onset / breakdown,○,limited or mixed direct support,1,0,S058,,Lin Xiao 2020,,0,0,0,1,consistent_positive = 0; mixed = 0; negative = 0; strongly_conditional = 1,[D] = 1,microsimulation (1),,S058: time-space speed contours; congestion onset time at three active bottlenecks; total travel time and delay vs HOV reference,"1 direct study (microsimulation); support is limited to a single study, coded strongly_conditional. No additional indirect-only studies.",NO
Routing / dynamic traffic assignment / managed-lane operation,Capacity drop,—,no substantive relationship identified,0,0,,,,,0,0,0,0,no DIRECT studies,,,,,No study in the final audit codes a DIRECT or INDIRECT relationship for this cell.,NO
Routing / dynamic traffic assignment / managed-lane operation,Queue formation / discharge,□,indirect influence only,0,1,,S065,,Chakraborty et al. 2021,0,0,0,0,no DIRECT studies,,,network/demand model (1),,"No direct evidence. 1 study provides indirect support only (the relationship is argued, attributed or inferred but not directly measured as coded).",NO
Routing / dynamic traffic assignment / managed-lane operation,Lane-changing friction,○,limited or mixed direct support,2,0,S051; S058,,Van Arem 2006; Lin Xiao 2020,,0,0,1,1,consistent_positive = 0; mixed = 0; negative = 1; strongly_conditional = 1,[D] = 2,microsimulation (2),,S051: average speed and speed standard deviation by link; shockwaves; congestion before the lane drop with a dedicated CACC lane || S058: speed-flow plots on CACC lane; speed difference between CACC lane and adjacent GP lane,"2 direct studies (microsimulation); findings are not uniformly positive (1 negative, 1 strongly_conditional). No additional indirect-only studies.",NO
Routing / dynamic traffic assignment / managed-lane operation,Merging turbulence,—,no substantive relationship identified,0,0,,,,,0,0,0,0,no DIRECT studies,,,,,No study in the final audit codes a DIRECT or INDIRECT relationship for this cell.,NO
Routing / dynamic traffic assignment / managed-lane operation,Physical spillback,—,no substantive relationship identified,0,0,,,,,0,0,0,0,no DIRECT studies,,,,,No study in the final audit codes a DIRECT or INDIRECT relationship for this cell.,NO
Routing / dynamic traffic assignment / managed-lane operation,Shifted / redistributed congestion,○,limited or mixed direct support,4,2,S058; S065; S067; S069,S009; S062,Lin Xiao 2020; Chakraborty et al. 2021; Jiang et al. 2024; Ma and He 2024,Daganzo 2002; Zhao and Kockelman 2018,0,1,0,3,consistent_positive = 0; mixed = 1; negative = 0; strongly_conditional = 3,[C] = 1; [D] = 3,microsimulation (2); network/demand model (2),network/demand model (1); conceptual/strategy report (1),"S058: GP-lane congestion and travel-time delay of conventional vs CACC vehicles || S065: total system travel time; source-connector waiting time || S067: average delay and travel time (total, CAV, HDV) vs CAV penetration 0-100% (delay -46.7%, travel time -28.2% at 100%); sensitivity to inflow rate || S069: system total travel time (Braess: from 74-80 NE range to 70 at system optimum), route flows by episode, average travel time per CAV (Nguyen-Dupuis, 10 runs)","4 direct studies (microsimulation and network/demand model); findings are not uniformly positive (1 mixed, 3 strongly_conditional). 2 additional studies provide indirect support.",NO
Perimeter / corridor / fleet rebalancing,Stop-and-go waves,—,no substantive relationship identified,0,0,,,,,0,0,0,0,no DIRECT studies,,,,,No study in the final audit codes a DIRECT or INDIRECT relationship for this cell.,NO
Perimeter / corridor / fleet rebalancing,String instability,—,no substantive relationship identified,0,0,,,,,0,0,0,0,no DIRECT studies,,,,,No study in the final audit codes a DIRECT or INDIRECT relationship for this cell.,NO
Perimeter / corridor / fleet rebalancing,Congestion onset / breakdown,□,indirect influence only,0,1,,S060,,Yang 2018,0,0,0,0,no DIRECT studies,,,macroscopic simulation (1),,"No direct evidence. 1 study provides indirect support only (the relationship is argued, attributed or inferred but not directly measured as coded).",NO
Perimeter / corridor / fleet rebalancing,Capacity drop,—,no substantive relationship identified,0,0,,,,,0,0,0,0,no DIRECT studies,,,,,No study in the final audit codes a DIRECT or INDIRECT relationship for this cell.,NO
Perimeter / corridor / fleet rebalancing,Queue formation / discharge,○,limited or mixed direct support,1,0,S060,,Yang 2018,,1,0,0,0,consistent_positive = 1; mixed = 0; negative = 0; strongly_conditional = 0,[D] = 1,macroscopic simulation (1),,"S060: normalized queue lengths at 20 perimeter intersections (up to 60% shorter), total intersection delay (-16% to -37% vs PID and bang-bang), total travel cost (-4.9% to -22.9%)","1 direct study (macroscopic simulation); support is limited to a single study, coded consistent_positive. No additional indirect-only studies.",NO
Perimeter / corridor / fleet rebalancing,Lane-changing friction,—,no substantive relationship identified,0,0,,,,,0,0,0,0,no DIRECT studies,,,,,No study in the final audit codes a DIRECT or INDIRECT relationship for this cell.,NO
Perimeter / corridor / fleet rebalancing,Merging turbulence,—,no substantive relationship identified,0,0,,,,,0,0,0,0,no DIRECT studies,,,,,No study in the final audit codes a DIRECT or INDIRECT relationship for this cell.,NO
Perimeter / corridor / fleet rebalancing,Physical spillback,—,no substantive relationship identified,0,0,,,,,0,0,0,0,no DIRECT studies,,,,,No study in the final audit codes a DIRECT or INDIRECT relationship for this cell.,NO
Perimeter / corridor / fleet rebalancing,Shifted / redistributed congestion,●,"repeated, broadly consistent direct support",2,0,S045; S060,,Rossi 2018; Yang 2018,,2,0,0,0,consistent_positive = 2; mixed = 0; negative = 0; strongly_conditional = 0,[D] = 2,analytical/theoretical (1); macroscopic simulation (1); agent-based simulation (1),,S045: customer travel time with vs without rebalancing (Table 2); customer service time and link-level vehicle counts (Figs. 3-4) || S060: distribution of queues between centre accumulation and perimeter/side streams; side-stream queues,"2 direct studies (analytical/theoretical, agent-based simulation and macroscopic simulation), all coded consistent_positive under the tested conditions; support is repeated and broadly consistent. No additional indirect-only studies.",NO
